distance_cm,time_s,accel,speed
1,0.158,4,100
2,0.241,4,100
3,0.304,4,100
4,0.358,4,100
5,0.406,4,100
7,0.489,4,100
9,0.56,4,100
11,0.624,4,100
15,0.737,4,100
20,0.86,4,100
35.4,1.162,4,100
40,1.24,4,100
50,1.394,4,100
70.7,1.672,4,100
100,2.003,4,100
150,2.48,4,100
200,2.933,4,100
1,0.211,3.0,100
2,0.321,3.0,100
3,0.405,3.0,100
4,0.477,3.0,100
5,0.54,3.0,100
7,0.65,3.0,100
9,0.745,3.0,100
11,0.83,3.0,100
15,0.981,3.0,100
20,1.143,3.0,100
35.4,1.545,3.0,100
40,1.646,3.0,100
50,1.851,3.0,100
70.7,2.217,3.0,100
100,2.656,3.0,100
150,3.28,3.0,100
200,3.813,3.0,100
1,0.205,3.1,100
2,0.311,3.1,100
3,0.393,3.1,100
4,0.461,3.1,100
5,0.523,3.1,100
7,0.629,3.1,100
9,0.721,3.1,100
11,0.804,3.1,100
15,0.95,3.1,100
20,1.106,3.1,100
35.4,1.494,3.1,100
40,1.594,3.1,100
50,1.792,3.1,100
70.7,2.147,3.1,100
100,2.574,3.1,100
150,3.177,3.1,100
200,3.692,3.1,100
1,0.199,3.2,100
2,0.301,3.2,100
3,0.38,3.2,100
4,0.447,3.2,100
5,0.506,3.2,100
7,0.61,3.2,100
9,0.699,3.2,100
11,0.779,3.2,100
15,0.92,3.2,100
20,1.072,3.2,100
35.4,1.45,3.2,100
40,1.545,3.2,100
50,1.737,3.2,100
70.7,2.082,3.2,100
100,2.493,3.2,100
150,3.08,3.2,100
200,3.577,3.2,100
1,0.193,3.3,100
2,0.292,3.3,100
3,0.369,3.3,100
4,0.434,3.3,100
5,0.491,3.3,100
7,0.591,3.3,100
9,0.678,3.3,100
11,0.756,3.3,100
15,0.892,3.3,100
20,1.04,3.3,100
35.4,1.406,3.3,100
40,1.499,3.3,100
50,1.685,3.3,100
70.7,2.019,3.3,100
100,2.42,3.3,100
150,2.991,3.3,100
200,3.473,3.3,100
1,0.187,3.4,100
2,0.284,3.4,100
3,0.358,3.4,100
4,0.421,3.4,100
5,0.477,3.4,100
7,0.574,3.4,100
9,0.659,3.4,100
11,0.734,3.4,100
15,0.866,3.4,100
20,1.009,3.4,100
35.4,1.365,3.4,100
40,1.456,3.4,100
50,1.636,3.4,100
70.7,1.961,3.4,100
100,2.351,3.4,100
150,2.904,3.4,100
200,3.374,3.4,100
1,0.181,3.5,100
2,0.276,3.5,100
3,0.348,3.5,100
4,0.409,3.5,100
5,0.463,3.5,100
7,0.558,3.5,100
9,0.64,3.5,100
11,0.713,3.5,100
15,0.842,3.5,100
20,0.982,3.5,100
35.4,1.326,3.5,100
40,1.414,3.5,100
50,1.59,3.5,100
70.7,1.907,3.5,100
100,2.284,3.5,100
150,2.824,3.5,100
200,3.281,3.5,100
1,0.177,3.6,100
2,0.268,3.6,100
3,0.338,3.6,100
4,0.398,3.6,100
5,0.45,3.6,100
7,0.542,3.6,100
9,0.622,3.6,100
11,0.693,3.6,100
15,0.8190001,3.6,100
20,0.955,3.6,100
35.4,1.289,3.6,100
40,1.376,3.6,100
50,1.547,3.6,100
70.7,1.853,3.6,100
100,2.222,3.6,100
150,2.744,3.6,100
200,3.196,3.6,100
1,0.171,3.7,100
2,0.26,3.7,100
3,0.328,3.7,100
4,0.387,3.7,100
5,0.439,3.7,100
7,0.528,3.7,100
9,0.605,3.7,100
11,0.674,3.7,100
15,0.796,3.7,100
20,0.928,3.7,100
35.4,1.256,3.7,100
40,1.339,3.7,100
50,1.505,3.7,100
70.7,1.805,3.7,100
100,2.163,3.7,100
150,2.673,3.7,100
200,3.123,3.7,100
1,0.167,3.8,100
2,0.254,3.8,100
3,0.32,3.8,100
4,0.376,3.8,100
5,0.427,3.8,100
7,0.514,3.8,100
9,0.589,3.8,100
11,0.657,3.8,100
15,0.776,3.8,100
20,0.9049999,3.8,100
35.4,1.223,3.8,100
40,1.304,3.8,100
50,1.466,3.8,100
70.7,1.758,3.8,100
100,2.107,3.8,100
150,2.605,3.8,100
200,3.054,3.8,100
1,0.163,3.9,100
2,0.247,3.9,100
3,0.312,3.9,100
4,0.368,3.9,100
5,0.415,3.9,100
7,0.501,3.9,100
9,0.574,3.9,100
11,0.64,3.9,100
15,0.756,3.9,100
20,0.8809999,3.9,100
35.4,1.192,3.9,100
40,1.271,3.9,100
50,1.429,3.9,100
70.7,1.713,3.9,100
100,2.055,3.9,100
150,2.539,3.9,100
200,2.991,3.9,100
1,0.159,4.0,100
2,0.241,4.0,100
3,0.304,4.0,100
4,0.358,4.0,100
5,0.405,4.0,100
7,0.489,4.0,100
9,0.561,4.0,100
11,0.625,4.0,100
15,0.737,4.0,100
20,0.859,4.0,100
35.4,1.162,4.0,100
40,1.241,4.0,100
50,1.394,4.0,100
70.7,1.672,4.0,100
100,2.004,4.0,100
150,2.48,4.0,100
200,2.932,4.0,100
1,0.155,4.1,100
2,0.235,4.1,100
3,0.297,4.1,100
4,0.35,4.1,100
5,0.395,4.1,100
7,0.476,4.1,100
9,0.546,4.1,100
11,0.609,4.1,100
15,0.72,4.1,100
20,0.8389999,4.1,100
35.4,1.135,4.1,100
40,1.21,4.1,100
50,1.36,4.1,100
70.7,1.632,4.1,100
100,1.956,4.1,100
150,2.42,4.1,100
200,2.878,4.1,100
1,0.152,4.2,100
2,0.23,4.2,100
3,0.29,4.2,100
4,0.342,4.2,100
5,0.386,4.2,100
7,0.465,4.2,100
9,0.533,4.2,100
11,0.595,4.2,100
15,0.703,4.2,100
20,0.8190001,4.2,100
35.4,1.108,4.2,100
40,1.182,4.2,100
50,1.328,4.2,100
70.7,1.594,4.2,100
100,1.911,4.2,100
150,2.37,4.2,100
200,2.828,4.2,100
1,0.148,4.3,100
2,0.224,4.3,100
3,0.284,4.3,100
4,0.333,4.3,100
5,0.377,4.3,100
7,0.454,4.3,100
9,0.521,4.3,100
11,0.5809999,4.3,100
15,0.687,4.3,100
20,0.8,4.3,100
35.4,1.082,4.3,100
40,1.154,4.3,100
50,1.299,4.3,100
70.7,1.558,4.3,100
100,1.867,4.3,100
150,2.323,4.3,100
200,2.781,4.3,100
1,0.144,4.4,100
2,0.219,4.4,100
3,0.277,4.4,100
4,0.325,4.4,100
5,0.369,4.4,100
7,0.445,4.4,100
9,0.51,4.4,100
11,0.568,4.4,100
15,0.671,4.4,100
20,0.783,4.4,100
35.4,1.058,4.4,100
40,1.129,4.4,100
50,1.269,4.4,100
70.7,1.522,4.4,100
100,1.828,4.4,100
150,2.28,4.4,100
200,2.737,4.4,100
1,0.141,4.5,100
2,0.214,4.5,100
3,0.271,4.5,100
4,0.319,4.5,100
5,0.361,4.5,100
7,0.434,4.5,100
9,0.498,4.5,100
11,0.555,4.5,100
15,0.656,4.5,100
20,0.766,4.5,100
35.4,1.035,4.5,100
40,1.104,4.5,100
50,1.242,4.5,100
70.7,1.49,4.5,100
100,1.787,4.5,100
150,2.239,4.5,100
200,2.697,4.5,100
1,0.138,4.6,100
2,0.21,4.6,100
3,0.265,4.6,100
4,0.312,4.6,100
5,0.353,4.6,100
7,0.425,4.6,100
9,0.487,4.6,100
11,0.5440001,4.6,100
15,0.642,4.6,100
20,0.749,4.6,100
35.4,1.012,4.6,100
40,1.081,4.6,100
50,1.215,4.6,100
70.7,1.457,4.6,100
100,1.749,4.6,100
150,2.201,4.6,100
200,2.659,4.6,100
1,0.135,4.7,100
2,0.205,4.7,100
3,0.259,4.7,100
4,0.305,4.7,100
5,0.346,4.7,100
7,0.416,4.7,100
9,0.477,4.7,100
11,0.532,4.7,100
15,0.629,4.7,100
20,0.734,4.7,100
35.4,0.992,4.7,100
40,1.058,4.7,100
50,1.19,4.7,100
70.7,1.428,4.7,100
100,1.715,4.7,100
150,2.165,4.7,100
200,2.623,4.7,100
1,0.132,4.8,100
2,0.201,4.8,100
3,0.254,4.8,100
4,0.299,4.8,100
5,0.338,4.8,100
7,0.408,4.8,100
9,0.468,4.8,100
11,0.521,4.8,100
15,0.616,4.8,100
20,0.718,4.8,100
35.4,0.972,4.8,100
40,1.036,4.8,100
50,1.166,4.8,100
70.7,1.399,4.8,100
100,1.679,4.8,100
150,2.132,4.8,100
200,2.589,4.8,100
1,0.13,4.9,100
2,0.197,4.9,100
3,0.249,4.9,100
4,0.293,4.9,100
5,0.331,4.9,100
7,0.399,4.9,100
9,0.458,4.9,100
11,0.511,4.9,100
15,0.603,4.9,100
20,0.703,4.9,100
35.4,0.952,4.9,100
40,1.016,4.9,100
50,1.143,4.9,100
70.7,1.372,4.9,100
100,1.646,4.9,100
150,2.1,4.9,100
200,2.558,4.9,100
1,0.127,5.0,100
2,0.193,5.0,100
3,0.244,5.0,100
4,0.287,5.0,100
5,0.325,5.0,100
7,0.392,5.0,100
9,0.449,5.0,100
11,0.5,5.0,100
15,0.591,5.0,100
20,0.689,5.0,100
35.4,0.933,5.0,100
40,0.995,5.0,100
50,1.12,5.0,100
70.7,1.344,5.0,100
100,1.613,5.0,100
150,2.071,5.0,100
200,2.529,5.0,100
1,0.125,5.1,100
2,0.189,5.1,100
3,0.239,5.1,100
4,0.281,5.1,100
5,0.319,5.1,100
7,0.384,5.1,100
9,0.441,5.1,100
11,0.491,5.1,100
15,0.58,5.1,100
20,0.676,5.1,100
35.4,0.916,5.1,100
40,0.976,5.1,100
50,1.099,5.1,100
70.7,1.319,5.1,100
100,1.585,5.1,100
150,2.043,5.1,100
200,2.501,5.1,100
1,0.122,5.2,100
2,0.185,5.2,100
3,0.234,5.2,100
4,0.276,5.2,100
5,0.312,5.2,100
7,0.377,5.2,100
9,0.432,5.2,100
11,0.481,5.2,100
15,0.569,5.2,100
20,0.664,5.2,100
35.4,0.898,5.2,100
40,0.958,5.2,100
50,1.078,5.2,100
70.7,1.294,5.2,100
100,1.559,5.2,100
150,2.017,5.2,100
200,2.475,5.2,100
1,0.12,5.3,100
2,0.182,5.3,100
3,0.23,5.3,100
4,0.271,5.3,100
5,0.307,5.3,100
7,0.369,5.3,100
9,0.424,5.3,100
11,0.473,5.3,100
15,0.558,5.3,100
20,0.651,5.3,100
35.4,0.8820001,5.3,100
40,0.94,5.3,100
50,1.058,5.3,100
70.7,1.271,5.3,100
100,1.534,5.3,100
150,1.992,5.3,100
200,2.45,5.3,100
1,0.118,5.4,100
2,0.179,5.4,100
3,0.225,5.4,100
4,0.265,5.4,100
5,0.301,5.4,100
7,0.362,5.4,100
9,0.416,5.4,100
11,0.464,5.4,100
15,0.547,5.4,100
20,0.639,5.4,100
35.4,0.866,5.4,100
40,0.923,5.4,100
50,1.039,5.4,100
70.7,1.247,5.4,100
100,1.512,5.4,100
150,1.969,5.4,100
200,2.426,5.4,100
1,0.211,3.0,45
2,0.321,3.0,45
3,0.405,3.0,45
4,0.477,3.0,45
5,0.54,3.0,45
7,0.65,3.0,45
9,0.746,3.0,45
11,0.83,3.0,45
15,0.981,3.0,45
20,1.143,3.0,45
35.4,1.545,3.0,45
40,1.647,3.0,45
50,1.852,3.0,45
70.7,2.291,3.0,45
100,2.913,3.0,45
140,3.762,3.0,45
1,0.198,3.2,45
2,0.3,3.2,45
3,0.38,3.2,45
4,0.447,3.2,45
5,0.507,3.2,45
7,0.609,3.2,45
9,0.699,3.2,45
11,0.779,3.2,45
15,0.92,3.2,45
20,1.072,3.2,45
35.4,1.449,3.2,45
40,1.546,3.2,45
50,1.753,3.2,45
70.7,2.192,3.2,45
100,2.813,3.2,45
140,3.663,3.2,45
1,0.187,3.4,45
2,0.283,3.4,45
3,0.358,3.4,45
4,0.421,3.4,45
5,0.476,3.4,45
7,0.574,3.4,45
9,0.658,3.4,45
11,0.733,3.4,45
15,0.866,3.4,45
20,1.01,3.4,45
35.4,1.365,3.4,45
40,1.458,3.4,45
50,1.671,3.4,45
70.7,2.11,3.4,45
100,2.731,3.4,45
140,3.581,3.4,45
1,0.176,3.6,45
2,0.268,3.6,45
3,0.338,3.6,45
4,0.398,3.6,45
5,0.45,3.6,45
7,0.543,3.6,45
9,0.622,3.6,45
11,0.693,3.6,45
15,0.8190001,3.6,45
20,0.954,3.6,45
35.4,1.292,3.6,45
40,1.39,3.6,45
50,1.602,3.6,45
70.7,2.041,3.6,45
100,2.663,3.6,45
140,3.512,3.6,45
1,0.167,3.8,45
2,0.254,3.8,45
3,0.321,3.8,45
4,0.377,3.8,45
5,0.426,3.8,45
7,0.514,3.8,45
9,0.589,3.8,45
11,0.657,3.8,45
15,0.776,3.8,45
20,0.9049999,3.8,45
35.4,1.234,3.8,45
40,1.332,3.8,45
50,1.543,3.8,45
70.7,1.983,3.8,45
100,2.605,3.8,45
140,3.454,3.8,45
1,0.159,4.0,45
2,0.24,4.0,45
3,0.304,4.0,45
4,0.358,4.0,45
5,0.405,4.0,45
7,0.489,4.0,45
9,0.56,4.0,45
11,0.624,4.0,45
15,0.737,4.0,45
20,0.86,4.0,45
35.4,1.184,4.0,45
40,1.283,4.0,45
50,1.495,4.0,45
70.7,1.934,4.0,45
100,2.556,4.0,45
140,3.404,4.0,45
1,0.152,4.2,45
2,0.229,4.2,45
3,0.289,4.2,45
4,0.341,4.2,45
5,0.386,4.2,45
7,0.465,4.2,45
9,0.533,4.2,45
11,0.595,4.2,45
15,0.703,4.2,45
20,0.8190001,4.2,45
35.4,1.143,4.2,45
40,1.24,4.2,45
50,1.452,4.2,45
70.7,1.892,4.2,45
100,2.514,4.2,45
140,3.362,4.2,45
1,0.144,4.4,45
2,0.219,4.4,45
3,0.276,4.4,45
4,0.325,4.4,45
5,0.369,4.4,45
7,0.445,4.4,45
9,0.51,4.4,45
11,0.568,4.4,45
15,0.671,4.4,45
20,0.783,4.4,45
35.4,1.106,4.4,45
40,1.203,4.4,45
50,1.415,4.4,45
70.7,1.855,4.4,45
100,2.476,4.4,45
140,3.326,4.4,45
1,0.138,4.6,45
2,0.209,4.6,45
3,0.265,4.6,45
4,0.312,4.6,45
5,0.353,4.6,45
7,0.426,4.6,45
9,0.488,4.6,45
11,0.5440001,4.6,45
15,0.642,4.6,45
20,0.749,4.6,45
35.4,1.074,4.6,45
40,1.172,4.6,45
50,1.384,4.6,45
70.7,1.824,4.6,45
100,2.445,4.6,45
140,3.294,4.6,45
1,0.132,4.8,45
2,0.201,4.8,45
3,0.254,4.8,45
4,0.298,4.8,45
5,0.339,4.8,45
7,0.407,4.8,45
9,0.467,4.8,45
11,0.521,4.8,45
15,0.616,4.8,45
20,0.719,4.8,45
35.4,1.047,4.8,45
40,1.144,4.8,45
50,1.356,4.8,45
70.7,1.795,4.8,45
100,2.417,4.8,45
140,3.267,4.8,45
1,0.127,5.0,45
2,0.193,5.0,45
3,0.243,5.0,45
4,0.287,5.0,45
5,0.325,5.0,45
7,0.392,5.0,45
9,0.449,5.0,45
11,0.501,5.0,45
15,0.591,5.0,45
20,0.695,5.0,45
35.4,1.022,5.0,45
40,1.119,5.0,45
50,1.331,5.0,45
70.7,1.771,5.0,45
100,2.393,5.0,45
140,3.241,5.0,45
1,0.122,5.2,45
2,0.186,5.2,45
3,0.235,5.2,45
4,0.276,5.2,45
5,0.312,5.2,45
7,0.376,5.2,45
9,0.432,5.2,45
11,0.481,5.2,45
15,0.569,5.2,45
20,0.673,5.2,45
35.4,1.0,5.2,45
40,1.098,5.2,45
50,1.31,5.2,45
70.7,1.749,5.2,45
100,2.371,5.2,45
140,3.22,5.2,45
1,0.118,5.4,45
2,0.179,5.4,45
3,0.226,5.4,45
4,0.266,5.4,45
5,0.301,5.4,45
7,0.363,5.4,45
9,0.416,5.4,45
11,0.464,5.4,45
15,0.548,5.4,45
20,0.654,5.4,45
35.4,0.98,5.4,45
40,1.078,5.4,45
50,1.29,5.4,45
70.7,1.73,5.4,45
100,2.351,5.4,45
140,3.2,5.4,45
1,0.212,3.0,55
2,0.32,3.0,55
3,0.405,3.0,55
4,0.477,3.0,55
5,0.54,3.0,55
7,0.65,3.0,55
9,0.745,3.0,55
11,0.8309999,3.0,55
15,0.981,3.0,55
20,1.143,3.0,55
35.4,1.545,3.0,55
40,1.646,3.0,55
50,1.851,3.0,55
70.7,2.217,3.0,55
100,2.719,3.0,55
140,3.41,3.0,55
1,0.198,3.2,55
2,0.3,3.2,55
3,0.38,3.2,55
4,0.447,3.2,55
5,0.507,3.2,55
7,0.609,3.2,55
9,0.699,3.2,55
11,0.779,3.2,55
15,0.92,3.2,55
20,1.072,3.2,55
35.4,1.449,3.2,55
40,1.546,3.2,55
50,1.737,3.2,55
70.7,2.089,3.2,55
100,2.596,3.2,55
140,3.287,3.2,55
1,0.187,3.4,55
2,0.283,3.4,55
3,0.358,3.4,55
4,0.421,3.4,55
5,0.477,3.4,55
7,0.574,3.4,55
9,0.658,3.4,55
11,0.734,3.4,55
15,0.866,3.4,55
20,1.009,3.4,55
35.4,1.364,3.4,55
40,1.455,3.4,55
50,1.636,3.4,55
70.7,1.987,3.4,55
100,2.494,3.4,55
140,3.185,3.4,55
1,0.177,3.6,55
2,0.267,3.6,55
3,0.338,3.6,55
4,0.398,3.6,55
5,0.45,3.6,55
7,0.543,3.6,55
9,0.622,3.6,55
11,0.694,3.6,55
15,0.818,3.6,55
20,0.954,3.6,55
35.4,1.29,3.6,55
40,1.376,3.6,55
50,1.546,3.6,55
70.7,1.901,3.6,55
100,2.408,3.6,55
140,3.099,3.6,55
1,0.167,3.8,55
2,0.254,3.8,55
3,0.32,3.8,55
4,0.376,3.8,55
5,0.427,3.8,55
7,0.514,3.8,55
9,0.589,3.8,55
11,0.656,3.8,55
15,0.775,3.8,55
20,0.904,3.8,55
35.4,1.223,3.8,55
40,1.304,3.8,55
50,1.472,3.8,55
70.7,1.829,3.8,55
100,2.335,3.8,55
140,3.027,3.8,55
1,0.159,4.0,55
2,0.241,4.0,55
3,0.304,4.0,55
4,0.358,4.0,55
5,0.405,4.0,55
7,0.489,4.0,55
9,0.56,4.0,55
11,0.624,4.0,55
15,0.737,4.0,55
20,0.86,4.0,55
35.4,1.163,4.0,55
40,1.24,4.0,55
50,1.41,4.0,55
70.7,1.767,4.0,55
100,2.274,4.0,55
140,2.966,4.0,55
1,0.151,4.2,55
2,0.23,4.2,55
3,0.29,4.2,55
4,0.341,4.2,55
5,0.387,4.2,55
7,0.465,4.2,55
9,0.533,4.2,55
11,0.595,4.2,55
15,0.702,4.2,55
20,0.8190001,4.2,55
35.4,1.108,4.2,55
40,1.184,4.2,55
50,1.357,4.2,55
70.7,1.715,4.2,55
100,2.221,4.2,55
140,2.913,4.2,55
1,0.144,4.4,55
2,0.219,4.4,55
3,0.276,4.4,55
4,0.325,4.4,55
5,0.369,4.4,55
7,0.445,4.4,55
9,0.51,4.4,55
11,0.568,4.4,55
15,0.671,4.4,55
20,0.782,4.4,55
35.4,1.059,4.4,55
40,1.139,4.4,55
50,1.312,4.4,55
70.7,1.669,4.4,55
100,2.176,4.4,55
140,2.867,4.4,55
1,0.138,4.6,55
2,0.21,4.6,55
3,0.265,4.6,55
4,0.312,4.6,55
5,0.353,4.6,55
7,0.425,4.6,55
9,0.488,4.6,55
11,0.543,4.6,55
15,0.642,4.6,55
20,0.749,4.6,55
35.4,1.02,4.6,55
40,1.099,4.6,55
50,1.272,4.6,55
70.7,1.629,4.6,55
100,2.136,4.6,55
140,2.827,4.6,55
1,0.133,4.8,55
2,0.201,4.8,55
3,0.254,4.8,55
4,0.299,4.8,55
5,0.338,4.8,55
7,0.408,4.8,55
9,0.468,4.8,55
11,0.521,4.8,55
15,0.615,4.8,55
20,0.718,4.8,55
35.4,0.985,4.8,55
40,1.064,4.8,55
50,1.237,4.8,55
70.7,1.595,4.8,55
100,2.101,4.8,55
140,2.792,4.8,55
1,0.127,5.0,55
2,0.193,5.0,55
3,0.244,5.0,55
4,0.287,5.0,55
5,0.325,5.0,55
7,0.391,5.0,55
9,0.449,5.0,55
11,0.501,5.0,55
15,0.591,5.0,55
20,0.69,5.0,55
35.4,0.954,5.0,55
40,1.034,5.0,55
50,1.206,5.0,55
70.7,1.564,5.0,55
100,2.07,5.0,55
140,2.762,5.0,55
1,0.122,5.2,55
2,0.186,5.2,55
3,0.235,5.2,55
4,0.276,5.2,55
5,0.312,5.2,55
7,0.376,5.2,55
9,0.432,5.2,55
11,0.481,5.2,55
15,0.569,5.2,55
20,0.664,5.2,55
35.4,0.926,5.2,55
40,1.007,5.2,55
50,1.179,5.2,55
70.7,1.537,5.2,55
100,2.043,5.2,55
140,2.735,5.2,55
1,0.118,5.4,55
2,0.179,5.4,55
3,0.226,5.4,55
4,0.266,5.4,55
5,0.301,5.4,55
7,0.363,5.4,55
9,0.416,5.4,55
11,0.464,5.4,55
15,0.548,5.4,55
20,0.64,5.4,55
35.4,0.903,5.4,55
40,0.982,5.4,55
50,1.155,5.4,55
70.7,1.513,5.4,55
100,2.019,5.4,55
140,2.711,5.4,55
1,0.212,3.0,66
2,0.321,3.0,66
3,0.406,3.0,66
4,0.477,3.0,66
5,0.54,3.0,66
7,0.651,3.0,66
9,0.745,3.0,66
11,0.8309999,3.0,66
15,0.981,3.0,66
20,1.143,3.0,66
35.4,1.544,3.0,66
40,1.646,3.0,66
50,1.851,3.0,66
70.7,2.217,3.0,66
100,2.656,3.0,66
140,3.217,3.0,66
1,0.199,3.2,66
2,0.301,3.2,66
3,0.38,3.2,66
4,0.447,3.2,66
5,0.506,3.2,66
7,0.61,3.2,66
9,0.699,3.2,66
11,0.779,3.2,66
15,0.92,3.2,66
20,1.073,3.2,66
35.4,1.449,3.2,66
40,1.545,3.2,66
50,1.737,3.2,66
70.7,2.082,3.2,66
100,2.496,3.2,66
140,3.066,3.2,66
1,0.187,3.4,66
2,0.283,3.4,66
3,0.358,3.4,66
4,0.421,3.4,66
5,0.476,3.4,66
7,0.574,3.4,66
9,0.658,3.4,66
11,0.733,3.4,66
15,0.866,3.4,66
20,1.01,3.4,66
35.4,1.365,3.4,66
40,1.456,3.4,66
50,1.636,3.4,66
70.7,1.96,3.4,66
100,2.37,3.4,66
140,2.94,3.4,66
1,0.176,3.6,66
2,0.267,3.6,66
3,0.338,3.6,66
4,0.398,3.6,66
5,0.45,3.6,66
7,0.542,3.6,66
9,0.622,3.6,66
11,0.693,3.6,66
15,0.818,3.6,66
20,0.954,3.6,66
35.4,1.29,3.6,66
40,1.376,3.6,66
50,1.546,3.6,66
70.7,1.853,3.6,66
100,2.265,3.6,66
140,2.834,3.6,66
1,0.167,3.8,66
2,0.254,3.8,66
3,0.321,3.8,66
4,0.377,3.8,66
5,0.427,3.8,66
7,0.514,3.8,66
9,0.589,3.8,66
11,0.657,3.8,66
15,0.776,3.8,66
20,0.9049999,3.8,66
35.4,1.223,3.8,66
40,1.305,3.8,66
50,1.467,3.8,66
70.7,1.759,3.8,66
100,2.176,3.8,66
140,2.746,3.8,66
1,0.158,4.0,66
2,0.241,4.0,66
3,0.304,4.0,66
4,0.358,4.0,66
5,0.405,4.0,66
7,0.489,4.0,66
9,0.56,4.0,66
11,0.624,4.0,66
15,0.737,4.0,66
20,0.86,4.0,66
35.4,1.163,4.0,66
40,1.24,4.0,66
50,1.394,4.0,66
70.7,1.684,4.0,66
100,2.1,4.0,66
140,2.67,4.0,66
1,0.152,4.2,66
2,0.229,4.2,66
3,0.29,4.2,66
4,0.341,4.2,66
5,0.386,4.2,66
7,0.466,4.2,66
9,0.534,4.2,66
11,0.595,4.2,66
15,0.703,4.2,66
20,0.8190001,4.2,66
35.4,1.108,4.2,66
40,1.182,4.2,66
50,1.328,4.2,66
70.7,1.618,4.2,66
100,2.036,4.2,66
140,2.605,4.2,66
1,0.144,4.4,66
2,0.219,4.4,66
3,0.277,4.4,66
4,0.326,4.4,66
5,0.369,4.4,66
7,0.445,4.4,66
9,0.51,4.4,66
11,0.568,4.4,66
15,0.671,4.4,66
20,0.783,4.4,66
35.4,1.059,4.4,66
40,1.129,4.4,66
50,1.269,4.4,66
70.7,1.563,4.4,66
100,1.98,4.4,66
140,2.549,4.4,66
1,0.138,4.6,66
2,0.21,4.6,66
3,0.264,4.6,66
4,0.311,4.6,66
5,0.353,4.6,66
7,0.425,4.6,66
9,0.487,4.6,66
11,0.5440001,4.6,66
15,0.642,4.6,66
20,0.749,4.6,66
35.4,1.013,4.6,66
40,1.081,4.6,66
50,1.219,4.6,66
70.7,1.513,4.6,66
100,1.93,4.6,66
140,2.499,4.6,66
1,0.132,4.8,66
2,0.201,4.8,66
3,0.254,4.8,66
4,0.298,4.8,66
5,0.338,4.8,66
7,0.407,4.8,66
9,0.467,4.8,66
11,0.521,4.8,66
15,0.616,4.8,66
20,0.718,4.8,66
35.4,0.972,4.8,66
40,1.036,4.8,66
50,1.176,4.8,66
70.7,1.47,4.8,66
100,1.887,4.8,66
140,2.457,4.8,66
1,0.127,5.0,66
2,0.193,5.0,66
3,0.243,5.0,66
4,0.286,5.0,66
5,0.325,5.0,66
7,0.392,5.0,66
9,0.449,5.0,66
11,0.5,5.0,66
15,0.591,5.0,66
20,0.689,5.0,66
35.4,0.933,5.0,66
40,0.995,5.0,66
50,1.138,5.0,66
70.7,1.432,5.0,66
100,1.85,5.0,66
140,2.419,5.0,66
1,0.122,5.2,66
2,0.186,5.2,66
3,0.235,5.2,66
4,0.276,5.2,66
5,0.312,5.2,66
7,0.377,5.2,66
9,0.432,5.2,66
11,0.481,5.2,66
15,0.569,5.2,66
20,0.664,5.2,66
35.4,0.898,5.2,66
40,0.962,5.2,66
50,1.104,5.2,66
70.7,1.399,5.2,66
100,1.816,5.2,66
140,2.385,5.2,66
1,0.118,5.4,66
2,0.179,5.4,66
3,0.226,5.4,66
4,0.266,5.4,66
5,0.301,5.4,66
7,0.363,5.4,66
9,0.416,5.4,66
11,0.464,5.4,66
15,0.548,5.4,66
20,0.639,5.4,66
35.4,0.866,5.4,66
40,0.933,5.4,66
50,1.074,5.4,66
70.7,1.37,5.4,66
100,1.786,5.4,66
140,2.356,5.4,66
1,0.211,3.0,77
2,0.321,3.0,77
3,0.405,3.0,77
4,0.477,3.0,77
5,0.54,3.0,77
7,0.65,3.0,77
9,0.746,3.0,77
11,0.83,3.0,77
15,0.981,3.0,77
20,1.143,3.0,77
35.4,1.545,3.0,77
40,1.647,3.0,77
50,1.85,3.0,77
70.7,2.218,3.0,77
100,2.656,3.0,77
140,3.164,3.0,77
1,0.198,3.2,77
2,0.301,3.2,77
3,0.38,3.2,77
4,0.447,3.2,77
5,0.506,3.2,77
7,0.61,3.2,77
9,0.699,3.2,77
11,0.779,3.2,77
15,0.92,3.2,77
20,1.073,3.2,77
35.4,1.449,3.2,77
40,1.545,3.2,77
50,1.737,3.2,77
70.7,2.082,3.2,77
100,2.494,3.2,77
140,2.977,3.2,77
1,0.187,3.4,77
2,0.284,3.4,77
3,0.358,3.4,77
4,0.421,3.4,77
5,0.477,3.4,77
7,0.574,3.4,77
9,0.658,3.4,77
11,0.734,3.4,77
15,0.866,3.4,77
20,1.009,3.4,77
35.4,1.365,3.4,77
40,1.455,3.4,77
50,1.636,3.4,77
70.7,1.961,3.4,77
100,2.35,3.4,77
140,2.829,3.4,77
1,0.177,3.6,77
2,0.268,3.6,77
3,0.338,3.6,77
4,0.398,3.6,77
5,0.45,3.6,77
7,0.543,3.6,77
9,0.622,3.6,77
11,0.693,3.6,77
15,0.8190001,3.6,77
20,0.954,3.6,77
35.4,1.29,3.6,77
40,1.376,3.6,77
50,1.546,3.6,77
70.7,1.854,3.6,77
100,2.221,3.6,77
140,2.705,3.6,77
1,0.167,3.8,77
2,0.253,3.8,77
3,0.32,3.8,77
4,0.377,3.8,77
5,0.427,3.8,77
7,0.514,3.8,77
9,0.589,3.8,77
11,0.657,3.8,77
15,0.776,3.8,77
20,0.9049999,3.8,77
35.4,1.223,3.8,77
40,1.304,3.8,77
50,1.466,3.8,77
70.7,1.758,3.8,77
100,2.112,3.8,77
140,2.601,3.8,77
1,0.159,4.0,77
2,0.241,4.0,77
3,0.305,4.0,77
4,0.358,4.0,77
5,0.406,4.0,77
7,0.488,4.0,77
9,0.56,4.0,77
11,0.625,4.0,77
15,0.737,4.0,77
20,0.859,4.0,77
35.4,1.162,4.0,77
40,1.241,4.0,77
50,1.394,4.0,77
70.7,1.672,4.0,77
100,2.023,4.0,77
140,2.511,4.0,77
1,0.152,4.2,77
2,0.229,4.2,77
3,0.29,4.2,77
4,0.341,4.2,77
5,0.386,4.2,77
7,0.465,4.2,77
9,0.534,4.2,77
11,0.594,4.2,77
15,0.702,4.2,77
20,0.8190001,4.2,77
35.4,1.108,4.2,77
40,1.182,4.2,77
50,1.328,4.2,77
70.7,1.594,4.2,77
100,1.946,4.2,77
140,2.434,4.2,77
1,0.145,4.4,77
2,0.219,4.4,77
3,0.276,4.4,77
4,0.325,4.4,77
5,0.369,4.4,77
7,0.444,4.4,77
9,0.509,4.4,77
11,0.568,4.4,77
15,0.67,4.4,77
20,0.782,4.4,77
35.4,1.058,4.4,77
40,1.128,4.4,77
50,1.269,4.4,77
70.7,1.523,4.4,77
100,1.88,4.4,77
140,2.368,4.4,77
1,0.139,4.6,77
2,0.209,4.6,77
3,0.265,4.6,77
4,0.312,4.6,77
5,0.352,4.6,77
7,0.425,4.6,77
9,0.488,4.6,77
11,0.5440001,4.6,77
15,0.642,4.6,77
20,0.749,4.6,77
35.4,1.013,4.6,77
40,1.081,4.6,77
50,1.215,4.6,77
70.7,1.465,4.6,77
100,1.822,4.6,77
140,2.31,4.6,77
1,0.132,4.8,77
2,0.201,4.8,77
3,0.254,4.8,77
4,0.299,4.8,77
5,0.339,4.8,77
7,0.407,4.8,77
9,0.467,4.8,77
11,0.521,4.8,77
15,0.616,4.8,77
20,0.718,4.8,77
35.4,0.971,4.8,77
40,1.036,4.8,77
50,1.166,4.8,77
70.7,1.413,4.8,77
100,1.772,4.8,77
140,2.26,4.8,77
1,0.127,5.0,77
2,0.192,5.0,77
3,0.244,5.0,77
4,0.287,5.0,77
5,0.325,5.0,77
7,0.391,5.0,77
9,0.448,5.0,77
11,0.501,5.0,77
15,0.591,5.0,77
1,0.211,3.0,88
2,0.321,3.0,88
3,0.405,3.0,88
4,0.477,3.0,88
5,0.54,3.0,88
7,0.65,3.0,88
9,0.746,3.0,88
11,0.8309999,3.0,88
15,0.981,3.0,88
20,1.143,3.0,88
35.4,1.545,3.0,88
40,1.647,3.0,88
50,1.85,3.0,88
70.7,2.218,3.0,88
100,2.657,3.0,88
140,3.164,3.0,88
1,0.198,3.2,88
2,0.301,3.2,88
3,0.38,3.2,88
4,0.447,3.2,88
5,0.506,3.2,88
7,0.61,3.2,88
9,0.699,3.2,88
11,0.779,3.2,88
15,0.92,3.2,88
20,1.072,3.2,88
35.4,1.449,3.2,88
40,1.545,3.2,88
50,1.737,3.2,88
70.7,2.082,3.2,88
100,2.494,3.2,88
140,2.971,3.2,88
1,0.187,3.4,88
2,0.284,3.4,88
3,0.358,3.4,88
4,0.421,3.4,88
5,0.477,3.4,88
7,0.574,3.4,88
9,0.658,3.4,88
11,0.734,3.4,88
15,0.866,3.4,88
20,1.009,3.4,88
35.4,1.365,3.4,88
40,1.455,3.4,88
50,1.636,3.4,88
70.7,1.961,3.4,88
100,2.35,3.4,88
140,2.8,3.4,88
1,0.177,3.6,88
2,0.267,3.6,88
3,0.338,3.6,88
4,0.397,3.6,88
5,0.451,3.6,88
7,0.542,3.6,88
9,0.621,3.6,88
11,0.693,3.6,88
15,0.818,3.6,88
20,0.954,3.6,88
35.4,1.289,3.6,88
40,1.376,3.6,88
50,1.547,3.6,88
70.7,1.853,3.6,88
100,2.222,3.6,88
140,2.649,3.6,88
1,0.167,3.8,88
2,0.253,3.8,88
3,0.32,3.8,88
4,0.377,3.8,88
5,0.427,3.8,88
7,0.514,3.8,88
9,0.589,3.8,88
11,0.657,3.8,88
15,0.776,3.8,88
20,0.9049999,3.8,88
35.4,1.223,3.8,88
40,1.304,3.8,88
50,1.466,3.8,88
70.7,1.758,3.8,88
100,2.107,3.8,88
140,2.524,3.8,88
1,0.159,4.0,88
2,0.241,4.0,88
3,0.304,4.0,88
4,0.358,4.0,88
5,0.406,4.0,88
7,0.488,4.0,88
9,0.56,4.0,88
11,0.624,4.0,88
15,0.738,4.0,88
20,0.86,4.0,88
35.4,1.162,4.0,88
40,1.24,4.0,88
50,1.393,4.0,88
70.7,1.673,4.0,88
100,2.004,4.0,88
140,2.419,4.0,88
1,0.151,4.2,88
2,0.23,4.2,88
3,0.29,4.2,88
4,0.341,4.2,88
5,0.386,4.2,88
7,0.465,4.2,88
9,0.533,4.2,88
11,0.595,4.2,88
15,0.703,4.2,88
20,0.8190001,4.2,88
35.4,1.107,4.2,88
40,1.181,4.2,88
50,1.329,4.2,88
70.7,1.594,4.2,88
100,1.911,4.2,88
140,2.33,4.2,88
1,0.144,4.4,88
2,0.219,4.4,88
3,0.277,4.4,88
4,0.326,4.4,88
5,0.369,4.4,88
7,0.444,4.4,88
9,0.509,4.4,88
11,0.568,4.4,88
15,0.671,4.4,88
20,0.782,4.4,88
35.4,1.058,4.4,88
40,1.129,4.4,88
50,1.269,4.4,88
70.7,1.523,4.4,88
100,1.83,4.4,88
140,2.252,4.4,88
1,0.138,4.6,88
2,0.209,4.6,88
3,0.265,4.6,88
4,0.311,4.6,88
5,0.353,4.6,88
7,0.426,4.6,88
9,0.487,4.6,88
11,0.5440001,4.6,88
15,0.642,4.6,88
20,0.748,4.6,88
35.4,1.013,4.6,88
40,1.081,4.6,88
50,1.215,4.6,88
70.7,1.457,4.6,88
100,1.762,4.6,88
140,2.184,4.6,88
1,0.132,4.8,88
2,0.201,4.8,88
3,0.254,4.8,88
4,0.299,4.8,88
5,0.338,4.8,88
7,0.408,4.8,88
9,0.468,4.8,88
11,0.521,4.8,88
15,0.615,4.8,88
20,0.718,4.8,88
35.4,0.972,4.8,88
40,1.037,4.8,88
50,1.165,4.8,88
70.7,1.4,4.8,88
100,1.704,4.8,88
140,2.125,4.8,88
1,0.128,5.0,88
2,0.193,5.0,88
3,0.244,5.0,88
4,0.287,5.0,88
5,0.325,5.0,88
7,0.391,5.0,88
9,0.449,5.0,88
11,0.501,5.0,88
15,0.592,5.0,88
20,0.69,5.0,88
35.4,0.934,5.0,88
40,0.996,5.0,88
50,1.12,5.0,88
70.7,1.344,5.0,88
100,1.651,5.0,88
140,2.073,5.0,88
1,0.122,5.2,88
2,0.186,5.2,88
3,0.235,5.2,88
4,0.276,5.2,88
5,0.312,5.2,88
7,0.377,5.2,88
9,0.432,5.2,88
11,0.481,5.2,88
15,0.569,5.2,88
20,0.664,5.2,88
35.4,0.898,5.2,88
40,0.958,5.2,88
50,1.078,5.2,88
70.7,1.296,5.2,88
100,1.605,5.2,88
140,2.026,5.2,88
1,0.117,5.4,88
2,0.178,5.4,88
3,0.226,5.4,88
4,0.266,5.4,88
5,0.302,5.4,88
7,0.362,5.4,88
9,0.416,5.4,88
11,0.463,5.4,88
15,0.547,5.4,88
20,0.639,5.4,88
35.4,0.866,5.4,88
40,0.923,5.4,88
50,1.039,5.4,88
70.7,1.254,5.4,88
100,1.564,5.4,88
140,1.985,5.4,88
1,0.211,3.0,115
2,0.321,3.0,115
3,0.405,3.0,115
4,0.476,3.0,115
5,0.54,3.0,115
7,0.651,3.0,115
9,0.745,3.0,115
11,0.8309999,3.0,115
15,0.981,3.0,115
20,1.143,3.0,115
35.4,1.545,3.0,115
40,1.647,3.0,115
50,1.851,3.0,115
70.7,2.218,3.0,115
100,2.656,3.0,115
140,3.164,3.0,115
1,0.198,3.2,115
2,0.301,3.2,115
3,0.38,3.2,115
4,0.447,3.2,115
5,0.506,3.2,115
7,0.61,3.2,115
9,0.698,3.2,115
11,0.779,3.2,115
15,0.9190001,3.2,115
20,1.072,3.2,115
35.4,1.449,3.2,115
40,1.546,3.2,115
50,1.737,3.2,115
70.7,2.082,3.2,115
100,2.494,3.2,115
140,2.971,3.2,115
1,0.187,3.4,115
2,0.283,3.4,115
3,0.358,3.4,115
4,0.421,3.4,115
5,0.476,3.4,115
7,0.574,3.4,115
9,0.658,3.4,115
11,0.734,3.4,115
15,0.866,3.4,115
20,1.009,3.4,115
35.4,1.365,3.4,115
40,1.455,3.4,115
50,1.636,3.4,115
70.7,1.961,3.4,115
100,2.35,3.4,115
140,2.801,3.4,115
1,0.176,3.6,115
2,0.267,3.6,115
3,0.338,3.6,115
4,0.398,3.6,115
5,0.45,3.6,115
7,0.543,3.6,115
9,0.622,3.6,115
11,0.693,3.6,115
15,0.8190001,3.6,115
20,0.954,3.6,115
35.4,1.289,3.6,115
40,1.375,3.6,115
50,1.547,3.6,115
70.7,1.853,3.6,115
100,2.222,3.6,115
140,2.649,3.6,115
1,0.167,3.8,115
2,0.253,3.8,115
3,0.32,3.8,115
4,0.377,3.8,115
5,0.427,3.8,115
7,0.514,3.8,115
9,0.59,3.8,115
11,0.657,3.8,115
15,0.776,3.8,115
20,0.904,3.8,115
35.4,1.223,3.8,115
40,1.304,3.8,115
50,1.467,3.8,115
70.7,1.757,3.8,115
100,2.108,3.8,115
140,2.514,3.8,115
1,0.159,4.0,115
2,0.241,4.0,115
3,0.304,4.0,115
4,0.358,4.0,115
5,0.406,4.0,115
7,0.489,4.0,115
9,0.56,4.0,115
11,0.624,4.0,115
15,0.737,4.0,115
20,0.859,4.0,115
35.4,1.163,4.0,115
40,1.24,4.0,115
50,1.394,4.0,115
70.7,1.672,4.0,115
100,2.004,4.0,115
140,2.391,4.0,115
1,0.151,4.2,115
2,0.229,4.2,115
3,0.29,4.2,115
4,0.341,4.2,115
5,0.386,4.2,115
7,0.465,4.2,115
9,0.534,4.2,115
11,0.595,4.2,115
15,0.703,4.2,115
20,0.8190001,4.2,115
35.4,1.108,4.2,115
40,1.181,4.2,115
50,1.329,4.2,115
70.7,1.594,4.2,115
100,1.911,4.2,115
140,2.281,4.2,115
1,0.145,4.4,115
2,0.219,4.4,115
3,0.277,4.4,115
4,0.326,4.4,115
5,0.369,4.4,115
7,0.444,4.4,115
9,0.509,4.4,115
11,0.568,4.4,115
15,0.671,4.4,115
20,0.782,4.4,115
35.4,1.059,4.4,115
40,1.129,4.4,115
50,1.269,4.4,115
70.7,1.523,4.4,115
100,1.828,4.4,115
140,2.178,4.4,115
1,0.138,4.6,115
2,0.21,4.6,115
3,0.265,4.6,115
4,0.312,4.6,115
5,0.353,4.6,115
7,0.425,4.6,115
9,0.487,4.6,115
11,0.543,4.6,115
15,0.642,4.6,115
20,0.749,4.6,115
35.4,1.013,4.6,115
40,1.081,4.6,115
50,1.215,4.6,115
70.7,1.457,4.6,115
100,1.749,4.6,115
140,2.089,4.6,115
1,0.133,4.8,115
2,0.201,4.8,115
3,0.254,4.8,115
4,0.299,4.8,115
5,0.338,4.8,115
7,0.408,4.8,115
9,0.468,4.8,115
11,0.521,4.8,115
15,0.615,4.8,115
20,0.718,4.8,115
35.4,0.972,4.8,115
40,1.037,4.8,115
50,1.166,4.8,115
70.7,1.399,4.8,115
100,1.678,4.8,115
140,2.004,4.8,115
1,0.127,5.0,115
2,0.193,5.0,115
3,0.244,5.0,115
4,0.287,5.0,115
5,0.325,5.0,115
7,0.392,5.0,115
9,0.449,5.0,115
11,0.5,5.0,115
15,0.591,5.0,115
20,0.689,5.0,115
35.4,0.933,5.0,115
40,0.995,5.0,115
50,1.12,5.0,115
70.7,1.344,5.0,115
100,1.613,5.0,115
140,1.928,5.0,115
1,0.122,5.2,115
2,0.185,5.2,115
3,0.234,5.2,115
4,0.275,5.2,115
5,0.313,5.2,115
7,0.377,5.2,115
9,0.432,5.2,115
11,0.481,5.2,115
15,0.569,5.2,115
20,0.664,5.2,115
35.4,0.898,5.2,115
40,0.958,5.2,115
50,1.078,5.2,115
70.7,1.294,5.2,115
100,1.555,5.2,115
140,1.864,5.2,115
1,0.118,5.4,115
2,0.179,5.4,115
3,0.225,5.4,115
4,0.265,5.4,115
5,0.301,5.4,115
7,0.362,5.4,115
9,0.416,5.4,115
11,0.464,5.4,115
15,0.547,5.4,115
20,0.639,5.4,115
35.4,0.866,5.4,115
40,0.923,5.4,115
50,1.039,5.4,115
70.7,1.247,5.4,115
100,1.498,5.4,115
140,1.807,5.4,115
1,0.212,3.0,130
2,0.321,3.0,130
3,0.405,3.0,130
4,0.477,3.0,130
5,0.54,3.0,130
7,0.65,3.0,130
9,0.745,3.0,130
11,0.8309999,3.0,130
15,0.981,3.0,130
20,1.143,3.0,130
35.4,1.544,3.0,130
40,1.646,3.0,130
50,1.851,3.0,130
70.7,2.217,3.0,130
100,2.656,3.0,130
140,3.164,3.0,130
1,0.198,3.2,130
2,0.301,3.2,130
3,0.38,3.2,130
4,0.447,3.2,130
5,0.506,3.2,130
7,0.61,3.2,130
9,0.699,3.2,130
11,0.779,3.2,130
15,0.92,3.2,130
20,1.072,3.2,130
35.4,1.45,3.2,130
40,1.545,3.2,130
50,1.737,3.2,130
70.7,2.082,3.2,130
100,2.493,3.2,130
140,2.97,3.2,130
1,0.187,3.4,130
2,0.283,3.4,130
3,0.357,3.4,130
4,0.421,3.4,130
5,0.477,3.4,130
7,0.574,3.4,130
9,0.658,3.4,130
11,0.733,3.4,130
15,0.866,3.4,130
20,1.01,3.4,130
35.4,1.365,3.4,130
40,1.456,3.4,130
50,1.636,3.4,130
70.7,1.961,3.4,130
100,2.35,3.4,130
140,2.8,3.4,130
1,0.177,3.6,130
2,0.267,3.6,130
3,0.338,3.6,130
4,0.398,3.6,130
5,0.451,3.6,130
7,0.542,3.6,130
9,0.622,3.6,130
11,0.694,3.6,130
15,0.818,3.6,130
20,0.954,3.6,130
35.4,1.29,3.6,130
40,1.376,3.6,130
50,1.546,3.6,130
70.7,1.854,3.6,130
100,2.222,3.6,130
140,2.648,3.6,130
1,0.167,3.8,130
2,0.254,3.8,130
3,0.32,3.8,130
4,0.377,3.8,130
5,0.427,3.8,130
7,0.514,3.8,130
9,0.589,3.8,130
11,0.657,3.8,130
15,0.776,3.8,130
20,0.9049999,3.8,130
35.4,1.223,3.8,130
40,1.304,3.8,130
50,1.466,3.8,130
70.7,1.758,3.8,130
100,2.107,3.8,130
140,2.513,3.8,130
1,0.211,3.0,36
2,0.321,3.0,36
3,0.405,3.0,36
4,0.477,3.0,36
5,0.54,3.0,36
7,0.65,3.0,36
9,0.746,3.0,36
11,0.8309999,3.0,36
15,0.981,3.0,36
20,1.143,3.0,36
35.4,1.558,3.0,36
40,1.681,3.0,36
50,1.948,3.0,36
70.7,2.499,3.0,36
100,3.282,3.0,36
140,4.349,3.0,36
1,0.199,3.2,36
2,0.3,3.2,36
3,0.38,3.2,36
4,0.447,3.2,36
5,0.507,3.2,36
7,0.609,3.2,36
9,0.699,3.2,36
11,0.779,3.2,36
15,0.92,3.2,36
20,1.072,3.2,36
35.4,1.48,3.2,36
40,1.603,3.2,36
50,1.87,3.2,36
70.7,2.422,3.2,36
100,3.204,3.2,36
140,4.272,3.2,36
1,0.186,3.4,36
2,0.284,3.4,36
3,0.358,3.4,36
4,0.421,3.4,36
5,0.477,3.4,36
7,0.574,3.4,36
9,0.658,3.4,36
11,0.734,3.4,36
15,0.866,3.4,36
20,1.009,3.4,36
35.4,1.416,3.4,36
40,1.538,3.4,36
50,1.805,3.4,36
70.7,2.358,3.4,36
100,3.14,3.4,36
140,4.207,3.4,36
1,0.177,3.6,36
2,0.267,3.6,36
3,0.338,3.6,36
4,0.397,3.6,36
5,0.451,3.6,36
7,0.542,3.6,36
9,0.621,3.6,36
11,0.693,3.6,36
15,0.818,3.6,36
20,0.955,3.6,36
35.4,1.362,3.6,36
40,1.485,3.6,36
50,1.751,3.6,36
70.7,2.304,3.6,36
100,3.086,3.6,36
140,4.154,3.6,36
1,0.168,3.8,36
2,0.253,3.8,36
3,0.32,3.8,36
4,0.377,3.8,36
5,0.427,3.8,36
7,0.514,3.8,36
9,0.589,3.8,36
11,0.657,3.8,36
15,0.776,3.8,36
20,0.906,3.8,36
35.4,1.317,3.8,36
40,1.44,3.8,36
50,1.707,3.8,36
70.7,2.259,3.8,36
100,3.041,3.8,36
140,4.109,3.8,36
1,0.159,4.0,36
2,0.241,4.0,36
3,0.304,4.0,36
4,0.358,4.0,36
5,0.406,4.0,36
7,0.488,4.0,36
9,0.56,4.0,36
11,0.624,4.0,36
15,0.738,4.0,36
20,0.8679999,4.0,36
35.4,1.278,4.0,36
40,1.402,4.0,36
50,1.668,4.0,36
70.7,2.221,4.0,36
100,3.002,4.0,36
140,4.07,4.0,36
1,0.151,4.2,36
2,0.23,4.2,36
3,0.29,4.2,36
4,0.341,4.2,36
5,0.387,4.2,36
7,0.465,4.2,36
9,0.534,4.2,36
11,0.594,4.2,36
15,0.702,4.2,36
20,0.8349999,4.2,36
35.4,1.245,4.2,36
40,1.368,4.2,36
50,1.635,4.2,36
70.7,2.187,4.2,36
100,2.97,4.2,36
140,4.037,4.2,36
1,0.145,4.4,36
2,0.219,4.4,36
3,0.277,4.4,36
4,0.326,4.4,36
5,0.368,4.4,36
7,0.444,4.4,36
9,0.51,4.4,36
11,0.568,4.4,36
15,0.672,4.4,36
20,0.8059999,4.4,36
35.4,1.217,4.4,36
40,1.34,4.4,36
50,1.607,4.4,36
70.7,2.159,4.4,36
100,2.941,4.4,36
140,4.008,4.4,36
1,0.138,4.6,36
2,0.209,4.6,36
3,0.265,4.6,36
4,0.312,4.6,36
5,0.353,4.6,36
7,0.425,4.6,36
9,0.488,4.6,36
11,0.5440001,4.6,36
15,0.648,4.6,36
20,0.781,4.6,36
35.4,1.192,4.6,36
40,1.315,4.6,36
50,1.582,4.6,36
70.7,2.134,4.6,36
100,2.916,4.6,36
140,3.983,4.6,36
1,0.132,4.8,36
2,0.201,4.8,36
3,0.254,4.8,36
4,0.299,4.8,36
5,0.338,4.8,36
7,0.407,4.8,36
9,0.467,4.8,36
11,0.521,4.8,36
15,0.626,4.8,36
20,0.759,4.8,36
35.4,1.17,4.8,36
40,1.294,4.8,36
50,1.56,4.8,36
70.7,2.112,4.8,36
100,2.894,4.8,36
140,3.962,4.8,36
1,0.127,5.0,36
2,0.193,5.0,36
3,0.243,5.0,36
4,0.286,5.0,36
5,0.325,5.0,36
7,0.392,5.0,36
9,0.449,5.0,36
11,0.5,5.0,36
15,0.607,5.0,36
20,0.74,5.0,36
35.4,1.152,5.0,36
40,1.274,5.0,36
50,1.54,5.0,36
70.7,2.094,5.0,36
100,2.875,5.0,36
140,3.943,5.0,36
1,0.123,5.2,36
2,0.185,5.2,36
3,0.234,5.2,36
4,0.276,5.2,36
5,0.313,5.2,36
7,0.376,5.2,36
9,0.432,5.2,36
11,0.483,5.2,36
15,0.59,5.2,36
20,0.723,5.2,36
35.4,1.134,5.2,36
40,1.257,5.2,36
50,1.523,5.2,36
70.7,2.076,5.2,36
100,2.858,5.2,36
140,3.926,5.2,36
1,0.118,5.4,36
2,0.179,5.4,36
3,0.226,5.4,36
4,0.266,5.4,36
5,0.301,5.4,36
7,0.363,5.4,36
9,0.416,5.4,36
11,0.468,5.4,36
15,0.575,5.4,36
20,0.708,5.4,36
35.4,1.119,5.4,36
40,1.242,5.4,36
50,1.509,5.4,36
70.7,2.062,5.4,36
100,2.843,5.4,36
140,3.911,5.4,36
1,0.212,3.0,145
2,0.321,3.0,145
3,0.406,3.0,145
4,0.477,3.0,145
5,0.54,3.0,145
7,0.65,3.0,145
9,0.746,3.0,145
11,0.83,3.0,145
15,0.98,3.0,145
20,1.143,3.0,145
35.4,1.545,3.0,145
40,1.647,3.0,145
50,1.85,3.0,145
70.7,2.218,3.0,145
100,2.656,3.0,145
140,3.164,3.0,145
1,0.199,3.2,145
2,0.301,3.2,145
3,0.38,3.2,145
4,0.447,3.2,145
5,0.507,3.2,145
7,0.609,3.2,145
9,0.699,3.2,145
11,0.779,3.2,145
15,0.92,3.2,145
20,1.073,3.2,145
35.4,1.449,3.2,145
40,1.545,3.2,145
50,1.736,3.2,145
70.7,2.082,3.2,145
100,2.494,3.2,145
140,2.971,3.2,145
1,0.187,3.4,145
2,0.284,3.4,145
3,0.358,3.4,145
4,0.421,3.4,145
5,0.477,3.4,145
7,0.574,3.4,145
9,0.659,3.4,145
11,0.734,3.4,145
15,0.867,3.4,145
20,1.01,3.4,145
35.4,1.365,3.4,145
40,1.456,3.4,145
50,1.636,3.4,145
70.7,1.961,3.4,145
100,2.351,3.4,145
140,2.801,3.4,145
1,0.177,3.6,145
2,0.268,3.6,145
3,0.338,3.6,145
4,0.397,3.6,145
5,0.451,3.6,145
7,0.542,3.6,145
9,0.621,3.6,145
11,0.693,3.6,145
15,0.818,3.6,145
20,0.954,3.6,145
35.4,1.29,3.6,145
40,1.376,3.6,145
50,1.547,3.6,145
70.7,1.853,3.6,145
100,2.222,3.6,145
140,2.648,3.6,145
1,0.167,3.8,145
2,0.253,3.8,145
3,0.32,3.8,145
4,0.377,3.8,145
5,0.427,3.8,145
7,0.514,3.8,145
9,0.589,3.8,145
11,0.656,3.8,145
15,0.776,3.8,145
20,0.9049999,3.8,145
35.4,1.223,3.8,145
40,1.305,3.8,145
50,1.466,3.8,145
70.7,1.758,3.8,145
100,2.107,3.8,145
140,2.513,3.8,145
1,0.159,4.0,145
2,0.241,4.0,145
3,0.305,4.0,145
4,0.358,4.0,145
5,0.405,4.0,145
7,0.488,4.0,145
9,0.561,4.0,145
11,0.625,4.0,145
15,0.737,4.0,145
20,0.859,4.0,145
35.4,1.162,4.0,145
40,1.241,4.0,145
50,1.393,4.0,145
70.7,1.672,4.0,145
100,2.004,4.0,145
140,2.391,4.0,145
1,0.151,4.2,145
2,0.23,4.2,145
3,0.29,4.2,145
4,0.342,4.2,145
5,0.387,4.2,145
7,0.465,4.2,145
9,0.533,4.2,145
11,0.595,4.2,145
15,0.703,4.2,145
20,0.8190001,4.2,145
35.4,1.108,4.2,145
40,1.182,4.2,145
50,1.329,4.2,145
70.7,1.594,4.2,145
100,1.91,4.2,145
140,2.281,4.2,145
1,0.145,4.4,145
2,0.219,4.4,145
3,0.277,4.4,145
4,0.326,4.4,145
5,0.369,4.4,145
7,0.444,4.4,145
9,0.509,4.4,145
11,0.568,4.4,145
15,0.67,4.4,145
20,0.782,4.4,145
35.4,1.058,4.4,145
40,1.128,4.4,145
50,1.27,4.4,145
70.7,1.522,4.4,145
100,1.828,4.4,145
140,2.178,4.4,145
1,0.139,4.6,145
2,0.21,4.6,145
3,0.264,4.6,145
4,0.311,4.6,145
5,0.353,4.6,145
7,0.425,4.6,145
9,0.487,4.6,145
11,0.5440001,4.6,145
15,0.642,4.6,145
20,0.748,4.6,145
35.4,1.013,4.6,145
40,1.081,4.6,145
50,1.215,4.6,145
70.7,1.458,4.6,145
100,1.75,4.6,145
140,2.09,4.6,145
1,0.133,4.8,145
2,0.201,4.8,145
3,0.254,4.8,145
4,0.299,4.8,145
5,0.338,4.8,145
7,0.408,4.8,145
9,0.468,4.8,145
11,0.521,4.8,145
15,0.616,4.8,145
20,0.718,4.8,145
35.4,0.972,4.8,145
40,1.037,4.8,145
50,1.166,4.8,145
70.7,1.399,4.8,145
100,1.679,4.8,145
140,2.004,4.8,145
1,0.127,5.0,145
2,0.193,5.0,145
3,0.243,5.0,145
4,0.287,5.0,145
5,0.325,5.0,145
7,0.392,5.0,145
9,0.449,5.0,145
11,0.501,5.0,145
15,0.591,5.0,145
20,0.69,5.0,145
35.4,0.933,5.0,145
40,0.995,5.0,145
50,1.121,5.0,145
70.7,1.344,5.0,145
100,1.614,5.0,145
140,1.925,5.0,145
1,0.122,5.2,145
2,0.185,5.2,145
3,0.234,5.2,145
4,0.276,5.2,145
5,0.312,5.2,145
7,0.377,5.2,145
9,0.432,5.2,145
11,0.481,5.2,145
15,0.569,5.2,145
20,0.664,5.2,145
35.4,0.899,5.2,145
40,0.958,5.2,145
50,1.078,5.2,145
70.7,1.294,5.2,145
100,1.554,5.2,145
140,1.855,5.2,145
1,0.117,5.4,145
2,0.179,5.4,145
3,0.226,5.4,145
4,0.266,5.4,145
5,0.301,5.4,145
7,0.363,5.4,145
9,0.416,5.4,145
11,0.464,5.4,145
15,0.548,5.4,145
20,0.639,5.4,145
35.4,0.866,5.4,145
40,0.923,5.4,145
50,1.039,5.4,145
70.7,1.247,5.4,145
100,1.498,5.4,145
140,1.788,5.4,145
1,0.211,3.0,15
2,0.321,3.0,15
3,0.405,3.0,15
4,0.477,3.0,15
5,0.54,3.0,15
7,0.6690001,3.0,15
9,0.8,3.0,15
11,0.93,3.0,15
15,1.19,3.0,15
20,1.516,3.0,15
35.4,2.517,3.0,15
40,2.817,3.0,15
50,3.468,3.0,15
70.7,4.814,3.0,15
100,6.721,3.0,15
140,9.324,3.0,15
1,0.199,3.2,15
2,0.301,3.2,15
3,0.38,3.2,15
4,0.447,3.2,15
5,0.51,3.2,15
7,0.641,3.2,15
9,0.771,3.2,15
11,0.9,3.2,15
15,1.16,3.2,15
20,1.486,3.2,15
1,0.212,3.0,18
2,0.321,3.0,18
3,0.405,3.0,18
4,0.477,3.0,18
5,0.54,3.0,18
7,0.65,3.0,18
9,0.757,3.0,18
11,0.864,3.0,18
15,1.081,3.0,18
20,1.352,3.0,18
35.4,2.186,3.0,18
40,2.435,3.0,18
50,2.976,3.0,18
70.7,4.097,3.0,18
100,5.683,3.0,18
140,7.848,3.0,18
1,0.198,3.2,18
2,0.301,3.2,18
3,0.38,3.2,18
4,0.447,3.2,18
5,0.506,3.2,18
7,0.612,3.2,18
9,0.721,3.2,18
11,0.829,3.2,18
15,1.045,3.2,18
20,1.316,3.2,18
35.4,2.15,3.2,18
40,2.399,3.2,18
50,2.94,3.2,18
70.7,4.061,3.2,18
100,5.647,3.2,18
140,7.812,3.2,18
1,0.187,3.4,18
2,0.283,3.4,18
3,0.358,3.4,18
4,0.421,3.4,18
5,0.477,3.4,18
7,0.583,3.4,18
9,0.691,3.4,18
11,0.799,3.4,18
15,1.015,3.4,18
20,1.286,3.4,18
35.4,2.12,3.4,18
40,2.369,3.4,18
50,2.91,3.4,18
70.7,4.032,3.4,18
100,5.618,3.4,18
140,7.784,3.4,18
1,0.176,3.6,18
2,0.268,3.6,18
3,0.338,3.6,18
4,0.397,3.6,18
5,0.45,3.6,18
7,0.559,3.6,18
9,0.666,3.6,18
11,0.775,3.6,18
15,0.991,3.6,18
20,1.262,3.6,18
35.4,2.096,3.6,18
40,2.345,3.6,18
50,2.885,3.6,18
70.7,4.007,3.6,18
100,5.593,3.6,18
140,7.759,3.6,18
1,0.167,3.8,18
2,0.254,3.8,18
3,0.321,3.8,18
4,0.377,3.8,18
5,0.429,3.8,18
7,0.537,3.8,18
9,0.646,3.8,18
11,0.753,3.8,18
15,0.971,3.8,18
20,1.241,3.8,18
35.4,2.075,3.8,18
40,2.324,3.8,18
50,2.865,3.8,18
70.7,3.987,3.8,18
100,5.573,3.8,18
140,7.738,3.8,18
1,0.159,4.0,18
2,0.241,4.0,18
3,0.304,4.0,18
4,0.358,4.0,18
5,0.411,4.0,18
7,0.52,4.0,18
9,0.628,4.0,18
11,0.737,4.0,18
15,0.953,4.0,18
20,1.224,4.0,18
35.4,2.058,4.0,18
40,2.307,4.0,18
50,2.848,4.0,18
70.7,3.969,4.0,18
100,5.555,4.0,18
140,7.721,4.0,18
1,0.151,4.2,18
2,0.23,4.2,18
3,0.29,4.2,18
4,0.343,4.2,18
5,0.396,4.2,18
7,0.505,4.2,18
9,0.614,4.2,18
11,0.721,4.2,18
15,0.938,4.2,18
20,1.209,4.2,18
35.4,2.042,4.2,18
40,2.291,4.2,18
50,2.833,4.2,18
70.7,3.954,4.2,18
100,5.54,4.2,18
140,7.705,4.2,18
1,0.145,4.4,18
2,0.219,4.4,18
3,0.277,4.4,18
4,0.329,4.4,18
5,0.384,4.4,18
7,0.492,4.4,18
9,0.6,4.4,18
11,0.708,4.4,18
15,0.925,4.4,18
20,1.196,4.4,18
35.4,2.029,4.4,18
40,2.279,4.4,18
50,2.82,4.4,18
70.7,3.94,4.4,18
100,5.527,4.4,18
140,7.692,4.4,18
1,0.138,4.6,18
2,0.21,4.6,18
3,0.265,4.6,18
4,0.318,4.6,18
5,0.372,4.6,18
7,0.481,4.6,18
9,0.59,4.6,18
11,0.698,4.6,18
15,0.9139999,4.6,18
20,1.185,4.6,18
35.4,2.019,4.6,18
40,2.268,4.6,18
50,2.808,4.6,18
70.7,3.93,4.6,18
100,5.516,4.6,18
140,7.681,4.6,18
1,0.132,4.8,18
2,0.201,4.8,18
3,0.255,4.8,18
4,0.309,4.8,18
5,0.362,4.8,18
7,0.472,4.8,18
9,0.5809999,4.8,18
11,0.689,4.8,18
15,0.9049999,4.8,18
20,1.177,4.8,18
35.4,2.012,4.8,18
40,2.263,4.8,18
50,2.805,4.8,18
70.7,3.928,4.8,18
100,5.518,4.8,18
140,7.689,4.8,18
1,0.127,5.0,18
2,0.193,5.0,18
3,0.246,5.0,18
4,0.3,5.0,18
5,0.354,5.0,18
7,0.462,5.0,18
9,0.571,5.0,18
11,0.679,5.0,18
15,0.895,5.0,18
20,1.166,5.0,18
35.4,2.0,5.0,18
40,2.25,5.0,18
50,2.79,5.0,18
70.7,3.911,5.0,18
100,5.498,5.0,18
140,7.663,5.0,18
1,0.122,5.2,18
2,0.185,5.2,18
3,0.238,5.2,18
4,0.293,5.2,18
5,0.347,5.2,18
7,0.455,5.2,18
9,0.564,5.2,18
11,0.672,5.2,18
15,0.888,5.2,18
20,1.159,5.2,18
35.4,1.992,5.2,18
40,2.242,5.2,18
50,2.782,5.2,18
70.7,3.903,5.2,18
100,5.49,5.2,18
140,7.656,5.2,18
1,0.118,5.4,18
2,0.178,5.4,18
3,0.232,5.4,18
4,0.286,5.4,18
5,0.34,5.4,18
7,0.449,5.4,18
9,0.557,5.4,18
11,0.665,5.4,18
15,0.8809999,5.4,18
20,1.152,5.4,18
35.4,1.986,5.4,18
40,2.235,5.4,18
50,2.776,5.4,18
70.7,3.897,5.4,18
100,5.484,5.4,18
140,7.649,5.4,18
1,0.212,3.0,22
2,0.32,3.0,22
3,0.405,3.0,22
4,0.477,3.0,22
5,0.54,3.0,22
7,0.65,3.0,22
9,0.745,3.0,22
11,0.8309999,3.0,22
15,1.006,3.0,22
20,1.226,3.0,22
35.4,1.906,3.0,22
40,2.109,3.0,22
50,2.549,3.0,22
70.7,3.463,3.0,22
100,4.754,3.0,22
140,6.519,3.0,22
1,0.199,3.2,22
2,0.301,3.2,22
3,0.38,3.2,22
4,0.447,3.2,22
5,0.506,3.2,22
7,0.609,3.2,22
9,0.699,3.2,22
11,0.784,3.2,22
15,0.9610001,3.2,22
20,1.182,3.2,22
35.4,1.861,3.2,22
40,2.063,3.2,22
50,2.505,3.2,22
70.7,3.417,3.2,22
100,4.71,3.2,22
140,6.473,3.2,22
1,0.187,3.4,22
2,0.283,3.4,22
3,0.358,3.4,22
4,0.421,3.4,22
5,0.477,3.4,22
7,0.574,3.4,22
9,0.659,3.4,22
11,0.747,3.4,22
15,0.924,3.4,22
20,1.145,3.4,22
35.4,1.823,3.4,22
40,2.026,3.4,22
50,2.467,3.4,22
70.7,3.38,3.4,22
100,4.672,3.4,22
140,6.436,3.4,22
1,0.177,3.6,22
2,0.267,3.6,22
3,0.338,3.6,22
4,0.397,3.6,22
5,0.451,3.6,22
7,0.542,3.6,22
9,0.628,3.6,22
11,0.716,3.6,22
15,0.893,3.6,22
20,1.114,3.6,22
35.4,1.793,3.6,22
40,1.995,3.6,22
50,2.436,3.6,22
70.7,3.35,3.6,22
100,4.642,3.6,22
140,6.405,3.6,22
1,0.167,3.8,22
2,0.253,3.8,22
3,0.32,3.8,22
4,0.377,3.8,22
5,0.427,3.8,22
7,0.514,3.8,22
9,0.602,3.8,22
11,0.69,3.8,22
15,0.867,3.8,22
20,1.087,3.8,22
35.4,1.767,3.8,22
40,1.969,3.8,22
50,2.41,3.8,22
70.7,3.323,3.8,22
100,4.615,3.8,22
140,6.379,3.8,22
1,0.159,4.0,22
2,0.241,4.0,22
3,0.304,4.0,22
4,0.359,4.0,22
5,0.406,4.0,22
7,0.492,4.0,22
9,0.58,4.0,22
11,0.668,4.0,22
15,0.8450001,4.0,22
20,1.065,4.0,22
35.4,1.744,4.0,22
40,1.947,4.0,22
50,2.388,4.0,22
70.7,3.301,4.0,22
100,4.594,4.0,22
140,6.357,4.0,22
1,0.151,4.2,22
2,0.229,4.2,22
3,0.29,4.2,22
4,0.341,4.2,22
5,0.386,4.2,22
7,0.473,4.2,22
9,0.561,4.2,22
11,0.65,4.2,22
15,0.825,4.2,22
20,1.046,4.2,22
35.4,1.726,4.2,22
40,1.928,4.2,22
50,2.369,4.2,22
70.7,3.282,4.2,22
100,4.574,4.2,22
140,6.338,4.2,22
1,0.144,4.4,22
2,0.219,4.4,22
3,0.277,4.4,22
4,0.326,4.4,22
5,0.368,4.4,22
7,0.456,4.4,22
9,0.545,4.4,22
11,0.633,4.4,22
15,0.809,4.4,22
20,1.03,4.4,22
35.4,1.709,4.4,22
40,1.912,4.4,22
50,2.353,4.4,22
70.7,3.265,4.4,22
100,4.558,4.4,22
140,6.322,4.4,22
1,0.138,4.6,22
2,0.21,4.6,22
3,0.265,4.6,22
4,0.312,4.6,22
5,0.354,4.6,22
7,0.443,4.6,22
9,0.53,4.6,22
11,0.619,4.6,22
15,0.795,4.6,22
20,1.016,4.6,22
35.4,1.694,4.6,22
40,1.898,4.6,22
50,2.338,4.6,22
70.7,3.251,4.6,22
100,4.544,4.6,22
140,6.308,4.6,22
1,0.132,4.8,22
2,0.201,4.8,22
3,0.254,4.8,22
4,0.299,4.8,22
5,0.342,4.8,22
7,0.43,4.8,22
9,0.518,4.8,22
11,0.607,4.8,22
15,0.783,4.8,22
20,1.004,4.8,22
35.4,1.683,4.8,22
40,1.885,4.8,22
50,2.326,4.8,22
70.7,3.239,4.8,22
100,4.531,4.8,22
140,6.295,4.8,22
1,0.127,5.0,22
2,0.193,5.0,22
3,0.244,5.0,22
4,0.287,5.0,22
5,0.331,5.0,22
7,0.419,5.0,22
9,0.508,5.0,22
11,0.596,5.0,22
15,0.772,5.0,22
20,0.992,5.0,22
35.4,1.671,5.0,22
40,1.875,5.0,22
50,2.315,5.0,22
70.7,3.228,5.0,22
100,4.521,5.0,22
140,6.284,5.0,22
1,0.123,5.2,22
2,0.185,5.2,22
3,0.234,5.2,22
4,0.277,5.2,22
5,0.322,5.2,22
7,0.409,5.2,22
9,0.498,5.2,22
11,0.586,5.2,22
15,0.763,5.2,22
20,0.983,5.2,22
35.4,1.662,5.2,22
40,1.865,5.2,22
50,2.306,5.2,22
70.7,3.218,5.2,22
100,4.511,5.2,22
140,6.275,5.2,22
1,0.118,5.4,22
2,0.179,5.4,22
3,0.226,5.4,22
4,0.269,5.4,22
5,0.312,5.4,22
7,0.401,5.4,22
9,0.49,5.4,22
11,0.577,5.4,22
15,0.754,5.4,22
20,0.974,5.4,22
35.4,1.653,5.4,22
40,1.857,5.4,22
50,2.297,5.4,22
70.7,3.21,5.4,22
100,4.502,5.4,22
140,6.267,5.4,22
1,0.212,3.0,28
2,0.32,3.0,28
3,0.405,3.0,28
4,0.477,3.0,28
5,0.54,3.0,28
7,0.65,3.0,28
9,0.745,3.0,28
11,0.8309999,3.0,28
15,0.981,3.0,28
20,1.149,3.0,28
35.4,1.681,3.0,28
40,1.841,3.0,28
50,2.186,3.0,28
70.7,2.901,3.0,28
100,3.914,3.0,28
140,5.297,3.0,28
1,0.198,3.2,28
2,0.301,3.2,28
3,0.38,3.2,28
4,0.447,3.2,28
5,0.506,3.2,28
7,0.61,3.2,28
9,0.698,3.2,28
11,0.779,3.2,28
15,0.9190001,3.2,28
20,1.091,3.2,28
35.4,1.622,3.2,28
40,1.782,3.2,28
50,2.126,3.2,28
70.7,2.842,3.2,28
100,3.856,3.2,28
140,5.238,3.2,28
1,0.187,3.4,28
2,0.283,3.4,28
3,0.358,3.4,28
4,0.421,3.4,28
5,0.476,3.4,28
7,0.574,3.4,28
9,0.658,3.4,28
11,0.734,3.4,28
15,0.8679999,3.4,28
20,1.041,3.4,28
35.4,1.574,3.4,28
40,1.733,3.4,28
50,2.078,3.4,28
70.7,2.794,3.4,28
100,3.807,3.4,28
140,5.189,3.4,28
1,0.176,3.6,28
2,0.267,3.6,28
3,0.338,3.6,28
4,0.398,3.6,28
5,0.45,3.6,28
7,0.543,3.6,28
9,0.622,3.6,28
11,0.693,3.6,28
15,0.828,3.6,28
20,1.001,3.6,28
35.4,1.534,3.6,28
40,1.692,3.6,28
50,2.038,3.6,28
70.7,2.753,3.6,28
100,3.766,3.6,28
140,5.149,3.6,28
1,0.167,3.8,28
2,0.253,3.8,28
3,0.32,3.8,28
4,0.377,3.8,28
5,0.427,3.8,28
7,0.514,3.8,28
9,0.589,3.8,28
11,0.656,3.8,28
15,0.793,3.8,28
20,0.967,3.8,28
35.4,1.499,3.8,28
40,1.658,3.8,28
50,2.004,3.8,28
70.7,2.719,3.8,28
100,3.732,3.8,28
140,5.114,3.8,28
1,0.159,4.0,28
2,0.24,4.0,28
3,0.304,4.0,28
4,0.358,4.0,28
5,0.405,4.0,28
7,0.489,4.0,28
9,0.56,4.0,28
11,0.626,4.0,28
15,0.764,4.0,28
20,0.938,4.0,28
35.4,1.47,4.0,28
40,1.629,4.0,28
50,1.975,4.0,28
70.7,2.69,4.0,28
100,3.703,4.0,28
140,5.086,4.0,28
1,0.151,4.2,28
2,0.229,4.2,28
3,0.29,4.2,28
4,0.341,4.2,28
5,0.386,4.2,28
7,0.465,4.2,28
9,0.534,4.2,28
11,0.601,4.2,28
15,0.74,4.2,28
20,0.913,4.2,28
35.4,1.445,4.2,28
40,1.604,4.2,28
50,1.95,4.2,28
70.7,2.665,4.2,28
100,3.678,4.2,28
140,5.061,4.2,28
1,0.145,4.4,28
2,0.219,4.4,28
3,0.277,4.4,28
4,0.326,4.4,28
5,0.369,4.4,28
7,0.444,4.4,28
9,0.511,4.4,28
11,0.58,4.4,28
15,0.718,4.4,28
20,0.891,4.4,28
35.4,1.424,4.4,28
40,1.583,4.4,28
50,1.928,4.4,28
70.7,2.643,4.4,28
100,3.657,4.4,28
140,5.039,4.4,28
1,0.138,4.6,28
2,0.209,4.6,28
3,0.265,4.6,28
4,0.312,4.6,28
5,0.353,4.6,28
7,0.425,4.6,28
9,0.493,4.6,28
11,0.561,4.6,28
15,0.7,4.6,28
20,0.8719999,4.6,28
35.4,1.405,4.6,28
40,1.564,4.6,28
50,1.909,4.6,28
70.7,2.625,4.6,28
100,3.638,4.6,28
140,5.021,4.6,28
1,0.133,4.8,28
2,0.2,4.8,28
3,0.254,4.8,28
4,0.299,4.8,28
5,0.338,4.8,28
7,0.408,4.8,28
9,0.476,4.8,28
11,0.545,4.8,28
15,0.684,4.8,28
20,0.856,4.8,28
35.4,1.389,4.8,28
40,1.548,4.8,28
50,1.893,4.8,28
70.7,2.609,4.8,28
100,3.622,4.8,28
140,5.005,4.8,28
1,0.127,5.0,28
2,0.193,5.0,28
3,0.244,5.0,28
4,0.287,5.0,28
5,0.325,5.0,28
7,0.393,5.0,28
9,0.462,5.0,28
11,0.531,5.0,28
15,0.6690001,5.0,28
20,0.842,5.0,28
35.4,1.374,5.0,28
40,1.534,5.0,28
50,1.879,5.0,28
70.7,2.595,5.0,28
100,3.607,5.0,28
140,4.99,5.0,28
1,0.122,5.2,28
2,0.185,5.2,28
3,0.234,5.2,28
4,0.276,5.2,28
5,0.312,5.2,28
7,0.38,5.2,28
9,0.449,5.2,28
11,0.519,5.2,28
15,0.657,5.2,28
20,0.829,5.2,28
35.4,1.362,5.2,28
40,1.521,5.2,28
50,1.866,5.2,28
70.7,2.582,5.2,28
100,3.595,5.2,28
140,4.978,5.2,28
1,0.118,5.4,28
2,0.179,5.4,28
3,0.226,5.4,28
4,0.266,5.4,28
5,0.301,5.4,28
7,0.369,5.4,28
9,0.438,5.4,28
11,0.507,5.4,28
15,0.645,5.4,28
20,0.8190001,5.4,28
35.4,1.35,5.4,28
40,1.51,5.4,28
50,1.855,5.4,28
70.7,2.571,5.4,28
100,3.583,5.4,28
140,4.966,5.4,28
1,0.212,3.0,77
2,0.321,3.0,77
3,0.406,3.0,77
4,0.477,3.0,77
5,0.539,3.0,77
7,0.65,3.0,77
9,0.746,3.0,77
11,0.8309999,3.0,77
15,0.981,3.0,77
20,1.143,3.0,77
35.4,1.545,3.0,77
40,1.646,3.0,77
50,1.851,3.0,77
70.7,2.217,3.0,77
100,2.656,3.0,77
140,3.164,3.0,77
1,0.199,3.2,77
2,0.3,3.2,77
3,0.38,3.2,77
4,0.447,3.2,77
5,0.507,3.2,77
7,0.609,3.2,77
9,0.699,3.2,77
11,0.779,3.2,77
15,0.92,3.2,77
20,1.073,3.2,77
35.4,1.449,3.2,77
40,1.545,3.2,77
50,1.737,3.2,77
70.7,2.082,3.2,77
100,2.494,3.2,77
140,2.977,3.2,77
1,0.187,3.4,77
2,0.283,3.4,77
3,0.358,3.4,77
4,0.421,3.4,77
5,0.476,3.4,77
7,0.574,3.4,77
9,0.658,3.4,77
11,0.733,3.4,77
15,0.866,3.4,77
20,1.009,3.4,77
35.4,1.365,3.4,77
40,1.455,3.4,77
50,1.636,3.4,77
70.7,1.96,3.4,77
100,2.35,3.4,77
140,2.829,3.4,77
1,0.176,3.6,77
2,0.267,3.6,77
3,0.338,3.6,77
4,0.398,3.6,77
5,0.451,3.6,77
7,0.542,3.6,77
9,0.622,3.6,77
11,0.693,3.6,77
15,0.818,3.6,77
20,0.954,3.6,77
35.4,1.29,3.6,77
40,1.375,3.6,77
50,1.547,3.6,77
70.7,1.853,3.6,77
100,2.222,3.6,77
140,2.705,3.6,77
1,0.167,3.8,77
2,0.253,3.8,77
3,0.32,3.8,77
4,0.377,3.8,77
5,0.427,3.8,77
7,0.514,3.8,77
9,0.59,3.8,77
11,0.656,3.8,77
15,0.775,3.8,77
20,0.9049999,3.8,77
35.4,1.223,3.8,77
40,1.304,3.8,77
50,1.466,3.8,77
70.7,1.757,3.8,77
100,2.113,3.8,77
140,2.601,3.8,77
1,0.159,4.0,77
2,0.241,4.0,77
3,0.305,4.0,77
4,0.358,4.0,77
5,0.406,4.0,77
7,0.488,4.0,77
9,0.56,4.0,77
11,0.625,4.0,77
15,0.737,4.0,77
20,0.859,4.0,77
35.4,1.162,4.0,77
40,1.24,4.0,77
50,1.394,4.0,77
70.7,1.672,4.0,77
100,2.023,4.0,77
140,2.511,4.0,77
1,0.151,4.2,77
2,0.229,4.2,77
3,0.289,4.2,77
4,0.341,4.2,77
5,0.386,4.2,77
7,0.466,4.2,77
9,0.533,4.2,77
11,0.595,4.2,77
15,0.703,4.2,77
20,0.8190001,4.2,77
35.4,1.108,4.2,77
40,1.182,4.2,77
50,1.328,4.2,77
70.7,1.594,4.2,77
100,1.946,4.2,77
140,2.434,4.2,77
1,0.145,4.4,77
2,0.219,4.4,77
3,0.276,4.4,77
4,0.325,4.4,77
5,0.369,4.4,77
7,0.445,4.4,77
9,0.51,4.4,77
11,0.568,4.4,77
15,0.671,4.4,77
20,0.783,4.4,77
35.4,1.059,4.4,77
40,1.129,4.4,77
50,1.269,4.4,77
70.7,1.522,4.4,77
100,1.88,4.4,77
140,2.367,4.4,77
1,0.138,4.6,77
2,0.209,4.6,77
3,0.265,4.6,77
4,0.311,4.6,77
5,0.353,4.6,77
7,0.426,4.6,77
9,0.488,4.6,77
11,0.5440001,4.6,77
15,0.642,4.6,77
20,0.749,4.6,77
35.4,1.013,4.6,77
40,1.08,4.6,77
50,1.215,4.6,77
70.7,1.464,4.6,77
100,1.822,4.6,77
140,2.31,4.6,77
1,0.132,4.8,77
2,0.2,4.8,77
3,0.254,4.8,77
4,0.299,4.8,77
5,0.338,4.8,77
7,0.408,4.8,77
9,0.468,4.8,77
11,0.521,4.8,77
15,0.615,4.8,77
20,0.718,4.8,77
35.4,0.972,4.8,77
40,1.036,4.8,77
50,1.166,4.8,77
70.7,1.414,4.8,77
100,1.771,4.8,77
140,2.259,4.8,77
1,0.127,5.0,77
2,0.193,5.0,77
3,0.243,5.0,77
4,0.287,5.0,77
5,0.325,5.0,77
7,0.392,5.0,77
9,0.449,5.0,77
11,0.501,5.0,77
15,0.591,5.0,77
20,0.69,5.0,77
35.4,0.934,5.0,77
40,0.996,5.0,77
50,1.12,5.0,77
70.7,1.369,5.0,77
100,1.727,5.0,77
140,2.214,5.0,77
1,0.122,5.2,77
2,0.185,5.2,77
3,0.235,5.2,77
4,0.276,5.2,77
5,0.312,5.2,77
7,0.377,5.2,77
9,0.432,5.2,77
11,0.481,5.2,77
15,0.569,5.2,77
20,0.664,5.2,77
35.4,0.899,5.2,77
40,0.958,5.2,77
50,1.078,5.2,77
70.7,1.33,5.2,77
100,1.687,5.2,77
140,2.175,5.2,77
1,0.118,5.4,77
2,0.179,5.4,77
3,0.226,5.4,77
4,0.266,5.4,77
5,0.301,5.4,77
7,0.363,5.4,77
9,0.416,5.4,77
11,0.464,5.4,77
15,0.548,5.4,77
20,0.64,5.4,77
35.4,0.866,5.4,77
40,0.923,5.4,77
50,1.042,5.4,77
70.7,1.294,5.4,77
100,1.652,5.4,77
140,2.14,5.4,77
1,0.212,3.0,130
2,0.321,3.0,130
3,0.406,3.0,130
4,0.477,3.0,130
5,0.54,3.0,130
7,0.65,3.0,130
9,0.746,3.0,130
11,0.83,3.0,130
15,0.98,3.0,130
20,1.143,3.0,130
35.4,1.545,3.0,130
40,1.646,3.0,130
50,1.851,3.0,130
70.7,2.218,3.0,130
100,2.656,3.0,130
140,3.164,3.0,130
1,0.198,3.2,130
2,0.301,3.2,130
3,0.38,3.2,130
4,0.447,3.2,130
5,0.506,3.2,130
7,0.609,3.2,130
9,0.699,3.2,130
11,0.779,3.2,130
15,0.92,3.2,130
20,1.073,3.2,130
35.4,1.449,3.2,130
40,1.545,3.2,130
50,1.737,3.2,130
70.7,2.082,3.2,130
100,2.494,3.2,130
140,2.97,3.2,130
1,0.187,3.4,130
2,0.283,3.4,130
3,0.358,3.4,130
4,0.421,3.4,130
5,0.476,3.4,130
7,0.574,3.4,130
9,0.658,3.4,130
11,0.734,3.4,130
15,0.866,3.4,130
20,1.009,3.4,130
35.4,1.365,3.4,130
40,1.456,3.4,130
50,1.636,3.4,130
70.7,1.961,3.4,130
100,2.351,3.4,130
140,2.801,3.4,130
1,0.176,3.6,130
2,0.267,3.6,130
3,0.338,3.6,130
4,0.398,3.6,130
5,0.45,3.6,130
7,0.543,3.6,130
9,0.622,3.6,130
11,0.693,3.6,130
15,0.8190001,3.6,130
20,0.954,3.6,130
35.4,1.289,3.6,130
40,1.376,3.6,130
50,1.546,3.6,130
70.7,1.854,3.6,130
100,2.222,3.6,130
140,2.648,3.6,130
1,0.167,3.8,130
2,0.254,3.8,130
3,0.321,3.8,130
4,0.377,3.8,130
5,0.426,3.8,130
7,0.514,3.8,130
9,0.589,3.8,130
11,0.657,3.8,130
15,0.776,3.8,130
20,0.904,3.8,130
35.4,1.223,3.8,130
40,1.305,3.8,130
50,1.466,3.8,130
70.7,1.758,3.8,130
100,2.108,3.8,130
140,2.513,3.8,130
1,0.159,4.0,130
2,0.241,4.0,130
3,0.304,4.0,130
4,0.358,4.0,130
5,0.406,4.0,130
7,0.488,4.0,130
9,0.56,4.0,130
11,0.624,4.0,130
15,0.737,4.0,130
20,0.86,4.0,130
35.4,1.163,4.0,130
40,1.241,4.0,130
50,1.393,4.0,130
70.7,1.672,4.0,130
100,2.004,4.0,130
140,2.39,4.0,130
1,0.152,4.2,130
2,0.229,4.2,130
3,0.289,4.2,130
4,0.341,4.2,130
5,0.386,4.2,130
7,0.466,4.2,130
9,0.534,4.2,130
11,0.595,4.2,130
15,0.702,4.2,130
20,0.8190001,4.2,130
35.4,1.108,4.2,130
40,1.181,4.2,130
50,1.329,4.2,130
70.7,1.594,4.2,130
100,1.911,4.2,130
140,2.282,4.2,130
1,0.144,4.4,130
2,0.219,4.4,130
3,0.277,4.4,130
4,0.326,4.4,130
5,0.369,4.4,130
7,0.445,4.4,130
9,0.51,4.4,130
11,0.567,4.4,130
15,0.671,4.4,130
20,0.783,4.4,130
35.4,1.059,4.4,130
40,1.129,4.4,130
50,1.27,4.4,130
70.7,1.522,4.4,130
100,1.828,4.4,130
140,2.178,4.4,130
1,0.139,4.6,130
2,0.21,4.6,130
3,0.264,4.6,130
4,0.311,4.6,130
5,0.353,4.6,130
7,0.426,4.6,130
9,0.488,4.6,130
11,0.5440001,4.6,130
15,0.642,4.6,130
20,0.749,4.6,130
35.4,1.013,4.6,130
40,1.081,4.6,130
50,1.215,4.6,130
70.7,1.458,4.6,130
100,1.749,4.6,130
140,2.089,4.6,130
1,0.133,4.8,130
2,0.2,4.8,130
3,0.254,4.8,130
4,0.299,4.8,130
5,0.338,4.8,130
7,0.408,4.8,130
9,0.468,4.8,130
11,0.521,4.8,130
15,0.616,4.8,130
20,0.718,4.8,130
35.4,0.971,4.8,130
40,1.036,4.8,130
50,1.165,4.8,130
70.7,1.399,4.8,130
100,1.679,4.8,130
140,2.004,4.8,130
1,0.127,5.0,130
2,0.193,5.0,130
3,0.244,5.0,130
4,0.287,5.0,130
5,0.325,5.0,130
7,0.392,5.0,130
9,0.449,5.0,130
11,0.5,5.0,130
15,0.591,5.0,130
20,0.69,5.0,130
35.4,0.934,5.0,130
40,0.996,5.0,130
50,1.12,5.0,130
70.7,1.344,5.0,130
100,1.613,5.0,130
140,1.924,5.0,130
1,0.123,5.2,130
2,0.185,5.2,130
3,0.234,5.2,130
4,0.276,5.2,130
5,0.313,5.2,130
7,0.376,5.2,130
9,0.432,5.2,130
11,0.481,5.2,130
15,0.569,5.2,130
20,0.664,5.2,130
35.4,0.899,5.2,130
40,0.958,5.2,130
50,1.078,5.2,130
70.7,1.293,5.2,130
100,1.554,5.2,130
140,1.854,5.2,130
1,0.118,5.4,130
2,0.178,5.4,130
3,0.226,5.4,130
4,0.266,5.4,130
5,0.301,5.4,130
7,0.363,5.4,130
9,0.416,5.4,130
11,0.464,5.4,130
15,0.548,5.4,130
20,0.639,5.4,130
35.4,0.866,5.4,130
40,0.923,5.4,130
50,1.04,5.4,130
70.7,1.247,5.4,130
100,1.497,5.4,130
140,1.789,5.4,130
1,0.211,3.0,11
2,0.321,3.0,11
3,0.408,3.0,11
4,0.497,3.0,11
5,0.586,3.0,11
7,0.764,3.0,11
9,0.943,3.0,11
11,1.12,3.0,11
15,1.476,3.0,11
20,1.921,3.0,11
35.4,3.29,3.0,11
40,3.7,3.0,11
50,4.589,3.0,11
70.7,6.431,3.0,11
100,9.038,3.0,11
1,0.211,3.0,15
2,0.321,3.0,15
3,0.405,3.0,15
4,0.477,3.0,15
5,0.54,3.0,15
7,0.6690001,3.0,15
9,0.8,3.0,15
11,0.93,3.0,15
15,1.19,3.0,15
20,1.516,3.0,15
35.4,2.517,3.0,15
40,2.817,3.0,15
50,3.468,3.0,15
70.7,4.814,3.0,15
100,6.721,3.0,15
140,9.324,3.0,15
1,0.198,3.2,15
2,0.301,3.2,15
3,0.38,3.2,15
4,0.447,3.2,15
5,0.51,3.2,15
7,0.641,3.2,15
9,0.771,3.2,15
11,0.901,3.2,15
15,1.16,3.2,15
20,1.486,3.2,15
35.4,2.488,3.2,15
40,2.788,3.2,15
50,3.438,3.2,15
70.7,4.785,3.2,15
100,6.692,3.2,15
140,9.295,3.2,15
1,0.187,3.4,15
2,0.283,3.4,15
3,0.358,3.4,15
4,0.421,3.4,15
5,0.486,3.4,15
7,0.616,3.4,15
9,0.746,3.4,15
11,0.877,3.4,15
15,1.137,3.4,15
20,1.463,3.4,15
35.4,2.464,3.4,15
40,2.764,3.4,15
50,3.415,3.4,15
70.7,4.761,3.4,15
100,6.668,3.4,15
140,9.271,3.4,15
1,0.176,3.6,15
2,0.268,3.6,15
3,0.338,3.6,15
4,0.401,3.6,15
5,0.466,3.6,15
7,0.597,3.6,15
9,0.727,3.6,15
11,0.857,3.6,15
15,1.117,3.6,15
1,0.211,3.0,15
2,0.321,3.0,15
3,0.405,3.0,15
4,0.477,3.0,15
5,0.54,3.0,15
7,0.6690001,3.0,15
9,0.8,3.0,15
11,0.93,3.0,15
15,1.19,3.0,15
20,1.516,3.0,15
35.4,2.517,3.0,15
40,2.817,3.0,15
50,3.468,3.0,15
70.7,4.814,3.0,15
100,6.721,3.0,15
140,9.324,3.0,15
1,0.198,3.2,15
2,0.301,3.2,15
3,0.38,3.2,15
4,0.447,3.2,15
5,0.51,3.2,15
7,0.641,3.2,15
9,0.771,3.2,15
11,0.901,3.2,15
15,1.16,3.2,15
20,1.486,3.2,15
35.4,2.488,3.2,15
40,2.788,3.2,15
50,3.438,3.2,15
70.7,4.785,3.2,15
100,6.692,3.2,15
140,9.294,3.2,15
1,0.187,3.4,15
2,0.283,3.4,15
3,0.358,3.4,15
4,0.421,3.4,15
5,0.485,3.4,15
7,0.616,3.4,15
9,0.746,3.4,15
11,0.877,3.4,15
15,1.137,3.4,15
20,1.462,3.4,15
35.4,2.464,3.4,15
40,2.764,3.4,15
50,3.415,3.4,15
70.7,4.761,3.4,15
100,6.668,3.4,15
140,9.271,3.4,15
1,0.176,3.6,15
2,0.268,3.6,15
3,0.338,3.6,15
4,0.401,3.6,15
5,0.466,3.6,15
7,0.597,3.6,15
9,0.727,3.6,15
11,0.856,3.6,15
15,1.117,3.6,15
20,1.442,3.6,15
35.4,2.445,3.6,15
40,2.744,3.6,15
50,3.394,3.6,15
70.7,4.741,3.6,15
100,6.648,3.6,15
140,9.25,3.6,15
1,0.167,3.8,15
2,0.253,3.8,15
3,0.32,3.8,15
4,0.384,3.8,15
5,0.449,3.8,15
7,0.58,3.8,15
9,0.71,3.8,15
11,0.84,3.8,15
15,1.1,3.8,15
20,1.425,3.8,15
35.4,2.428,3.8,15
40,2.728,3.8,15
50,3.378,3.8,15
70.7,4.724,3.8,15
100,6.631,3.8,15
140,9.233,3.8,15
1,0.159,4.0,15
2,0.24,4.0,15
3,0.305,4.0,15
4,0.37,4.0,15
5,0.436,4.0,15
7,0.566,4.0,15
9,0.696,4.0,15
11,0.826,4.0,15
15,1.086,4.0,15
20,1.411,4.0,15
35.4,2.413,4.0,15
40,2.713,4.0,15
50,3.364,4.0,15
70.7,4.711,4.0,15
100,6.617,4.0,15
140,9.219,4.0,15
1,0.151,4.2,15
2,0.229,4.2,15
3,0.293,4.2,15
4,0.358,4.2,15
5,0.423,4.2,15
7,0.554,4.2,15
9,0.684,4.2,15
11,0.814,4.2,15
15,1.074,4.2,15
20,1.4,4.2,15
35.4,2.402,4.2,15
40,2.701,4.2,15
50,3.352,4.2,15
70.7,4.698,4.2,15
100,6.605,4.2,15
140,9.208,4.2,15
1,0.144,4.4,15
2,0.219,4.4,15
3,0.283,4.4,15
4,0.348,4.4,15
5,0.413,4.4,15
7,0.5440001,4.4,15
9,0.674,4.4,15
11,0.805,4.4,15
15,1.065,4.4,15
20,1.392,4.4,15
35.4,2.395,4.4,15
40,2.696,4.4,15
50,3.347,4.4,15
70.7,4.697,4.4,15
100,6.607,4.4,15
140,9.215,4.4,15
1,0.138,4.6,15
2,0.21,4.6,15
3,0.274,4.6,15
4,0.338,4.6,15
5,0.403,4.6,15
7,0.535,4.6,15
9,0.664,4.6,15
11,0.795,4.6,15
15,1.054,4.6,15
20,1.38,4.6,15
35.4,2.382,4.6,15
40,2.681,4.6,15
50,3.332,4.6,15
70.7,4.679,4.6,15
100,6.586,4.6,15
140,9.188,4.6,15
1,0.132,4.8,15
2,0.201,4.8,15
3,0.266,4.8,15
4,0.332,4.8,15
5,0.396,4.8,15
7,0.528,4.8,15
9,0.659,4.8,15
11,0.789,4.8,15
15,1.051,4.8,15
20,1.377,4.8,15
35.4,2.383,4.8,15
40,2.684,4.8,15
50,3.336,4.8,15
70.7,4.689,4.8,15
100,6.603,4.8,15
140,9.215,4.8,15
1,0.128,5.0,15
2,0.195,5.0,15
3,0.26,5.0,15
4,0.324,5.0,15
5,0.389,5.0,15
7,0.521,5.0,15
9,0.65,5.0,15
11,0.781,5.0,15
15,1.042,5.0,15
20,1.368,5.0,15
35.4,2.372,5.0,15
40,2.672,5.0,15
50,3.323,5.0,15
70.7,4.673,5.0,15
100,6.583,5.0,15
140,9.191,5.0,15
1,0.122,5.2,15
2,0.188,5.2,15
3,0.253,5.2,15
4,0.318,5.2,15
5,0.384,5.2,15
7,0.515,5.2,15
9,0.644,5.2,15
11,0.775,5.2,15
15,1.036,5.2,15
20,1.362,5.2,15
35.4,2.366,5.2,15
40,2.666,5.2,15
50,3.318,5.2,15
70.7,4.667,5.2,15
100,6.577,5.2,15
140,9.185,5.2,15
1,0.118,5.4,15
2,0.183,5.4,15
3,0.249,5.4,15
4,0.314,5.4,15
5,0.378,5.4,15
7,0.51,5.4,15
9,0.64,5.4,15
11,0.771,5.4,15
15,1.033,5.4,15
20,1.359,5.4,15
35.4,2.365,5.4,15
40,2.665,5.4,15
50,3.318,5.4,15
70.7,4.671,5.4,15
100,6.585,5.4,15
140,9.197,5.4,15
1,0.212,3.0,11
2,0.321,3.0,11
3,0.408,3.0,11
4,0.497,3.0,11
5,0.586,3.0,11
7,0.764,3.0,11
9,0.943,3.0,11
11,1.12,3.0,11
15,1.476,3.0,11
20,1.921,3.0,11
35.4,3.29,3.0,11
40,3.7,3.0,11
50,4.589,3.0,11
70.7,6.431,3.0,11
100,9.038,3.0,11
1,0.199,3.2,11
2,0.3,3.2,11
3,0.388,3.2,11
4,0.477,3.2,11
5,0.566,3.2,11
7,0.745,3.2,11
9,0.924,3.2,11
11,1.102,3.2,11
15,1.459,3.2,11
20,1.905,3.2,11
35.4,3.279,3.2,11
40,3.69,3.2,11
50,4.581,3.2,11
70.7,6.428,3.2,11
100,9.043,3.2,11
1,0.187,3.4,11
2,0.283,3.4,11
3,0.371,3.4,11
4,0.461,3.4,11
5,0.549,3.4,11
7,0.728,3.4,11
9,0.906,3.4,11
11,1.084,3.4,11
15,1.44,3.4,11
20,1.886,3.4,11
35.4,3.258,3.4,11
40,3.668,3.4,11
50,4.558,3.4,11
70.7,6.403,3.4,11
100,9.013,3.4,11
1,0.176,3.6,11
2,0.268,3.6,11
3,0.358,3.6,11
4,0.447,3.6,11
5,0.536,3.6,11
7,0.714,3.6,11
9,0.893,3.6,11
11,1.07,3.6,11
15,1.427,3.6,11
20,1.872,3.6,11
35.4,3.244,3.6,11
40,3.655,3.6,11
50,4.544,3.6,11
70.7,6.389,3.6,11
100,9.0,3.6,11
1,0.167,3.8,11
2,0.257,3.8,11
3,0.346,3.8,11
4,0.435,3.8,11
5,0.524,3.8,11
7,0.702,3.8,11
9,0.88,3.8,11
11,1.057,3.8,11
15,1.414,3.8,11
20,1.859,3.8,11
35.4,3.228,3.8,11
40,3.638,3.8,11
50,4.527,3.8,11
70.7,6.369,3.8,11
100,8.976,3.8,11
1,0.159,4.0,11
2,0.247,4.0,11
3,0.337,4.0,11
4,0.426,4.0,11
5,0.515,4.0,11
7,0.694,4.0,11
9,0.8719999,4.0,11
11,1.05,4.0,11
15,1.407,4.0,11
20,1.854,4.0,11
35.4,3.228,4.0,11
40,3.638,4.0,11
50,4.53,4.0,11
70.7,6.377,4.0,11
100,8.991,4.0,11
1,0.151,4.2,11
2,0.239,4.2,11
3,0.329,4.2,11
4,0.417,4.2,11
5,0.506,4.2,11
7,0.685,4.2,11
9,0.862,4.2,11
11,1.04,4.2,11
15,1.396,4.2,11
20,1.84,4.2,11
35.4,3.211,4.2,11
40,3.62,4.2,11
50,4.509,4.2,11
70.7,6.351,4.2,11
100,8.958,4.2,11
1,0.145,4.4,11
2,0.233,4.4,11
3,0.322,4.4,11
4,0.411,4.4,11
5,0.5,4.4,11
7,0.679,4.4,11
9,0.857,4.4,11
11,1.035,4.4,11
15,1.392,4.4,11
20,1.839,4.4,11
35.4,3.213,4.4,11
40,3.623,4.4,11
50,4.515,4.4,11
70.7,6.362,4.4,11
100,8.976,4.4,11
1,0.138,4.6,11
2,0.227,4.6,11
3,0.316,4.6,11
4,0.406,4.6,11
5,0.496,4.6,11
7,0.675,4.6,11
9,0.854,4.6,11
11,1.034,4.6,11
15,1.392,4.6,11
20,1.84,4.6,11
35.4,3.22,4.6,11
40,3.632,4.6,11
50,4.527,4.6,11
70.7,6.383,4.6,11
100,9.008,4.6,11
1,0.132,4.8,11
2,0.221,4.8,11
3,0.311,4.8,11
4,0.401,4.8,11
5,0.491,4.8,11
7,0.67,4.8,11
9,0.849,4.8,11
11,1.028,4.8,11
15,1.387,4.8,11
20,1.835,4.8,11
35.4,3.214,4.8,11
40,3.626,4.8,11
50,4.522,4.8,11
70.7,6.377,4.8,11
100,9.002,4.8,11
1,0.128,5.0,11
2,0.217,5.0,11
3,0.306,5.0,11
4,0.395,5.0,11
5,0.485,5.0,11
7,0.664,5.0,11
9,0.842,5.0,11
11,1.021,5.0,11
15,1.378,5.0,11
20,1.826,5.0,11
35.4,3.201,5.0,11
40,3.613,5.0,11
50,4.505,5.0,11
70.7,6.355,5.0,11
100,8.973,5.0,11
1,0.124,5.2,11
2,0.213,5.2,11
3,0.303,5.2,11
4,0.392,5.2,11
5,0.481,5.2,11
7,0.66,5.2,11
9,0.8389999,5.2,11
11,1.018,5.2,11
15,1.376,5.2,11
20,1.824,5.2,11
35.4,3.201,5.2,11
40,3.614,5.2,11
50,4.507,5.2,11
70.7,6.359,5.2,11
100,8.981,5.2,11
1,0.12,5.4,11
2,0.209,5.4,11
3,0.298,5.4,11
4,0.387,5.4,11
5,0.476,5.4,11
7,0.654,5.4,11
9,0.833,5.4,11
11,1.011,5.4,11
15,1.367,5.4,11
20,1.813,5.4,11
35.4,3.185,5.4,11
40,3.595,5.4,11
50,4.486,5.4,11
70.7,6.329,5.4,11
100,8.94,5.4,11
1,0.234,3.0,5
2,0.43,3.0,5
3,0.627,3.0,5
4,0.825,3.0,5
5,1.021,3.0,5
7,1.417,3.0,5
9,1.81,3.0,5
11,2.203,3.0,5
15,2.991,3.0,5
20,3.977,3.0,5
35.4,7.01,3.0,5
40,7.917,3.0,5
50,9.885,3.0,5
1,0.212,3.0,8
2,0.333,3.0,8
3,0.456,3.0,8
4,0.579,3.0,8
5,0.701,3.0,8
7,0.947,3.0,8
9,1.192,3.0,8
11,1.437,3.0,8
15,1.927,3.0,8
20,2.541,3.0,8
35.4,4.429,3.0,8
40,4.994,3.0,8
50,6.22,3.0,8
70.7,8.759,3.0,8
1,0.199,3.2,8
2,0.319,3.2,8
3,0.442,3.2,8
4,0.565,3.2,8
5,0.687,3.2,8
7,0.933,3.2,8
9,1.179,3.2,8
11,1.423,3.2,8
15,1.913,3.2,8
20,2.527,3.2,8
35.4,4.415,3.2,8
40,4.98,3.2,8
50,6.206,3.2,8
70.7,8.745,3.2,8
1,0.187,3.4,8
2,0.309,3.4,8
3,0.432,3.4,8
4,0.555,3.4,8
5,0.678,3.4,8
7,0.925,3.4,8
9,1.17,3.4,8
11,1.416,3.4,8
15,1.908,3.4,8
20,2.524,3.4,8
35.4,4.418,3.4,8
40,4.984,3.4,8
50,6.214,3.4,8
70.7,8.76,3.4,8
1,0.177,3.6,8
2,0.299,3.6,8
3,0.423,3.6,8
4,0.545,3.6,8
5,0.667,3.6,8
7,0.913,3.6,8
9,1.159,3.6,8
11,1.405,3.6,8
15,1.895,3.6,8
20,2.51,3.6,8
35.4,4.4,3.6,8
40,4.965,3.6,8
50,6.192,3.6,8
70.7,8.734,3.6,8
1,0.17,3.8,8
2,0.293,3.8,8
3,0.417,3.8,8
4,0.54,3.8,8
5,0.664,3.8,8
7,0.912,3.8,8
9,1.159,3.8,8
11,1.407,3.8,8
15,1.9,3.8,8
20,2.52,3.8,8
35.4,4.423,3.8,8
40,4.993,3.8,8
50,6.229,3.8,8
70.7,8.788,3.8,8
1,0.163,4.0,8
2,0.286,4.0,8
3,0.409,4.0,8
4,0.531,4.0,8
5,0.655,4.0,8
7,0.9,4.0,8
9,1.146,4.0,8
11,1.392,4.0,8
15,1.883,4.0,8
20,2.498,4.0,8
35.4,4.391,4.0,8
40,4.956,4.0,8
50,6.185,4.0,8
70.7,8.728,4.0,8
1,0.157,4.2,8
2,0.281,4.2,8
3,0.404,4.2,8
4,0.527,4.2,8
5,0.65,4.2,8
7,0.897,4.2,8
9,1.144,4.2,8
11,1.389,4.2,8
15,1.882,4.2,8
20,2.498,4.2,8
35.4,4.394,4.2,8
40,4.961,4.2,8
50,6.192,4.2,8
70.7,8.741,4.2,8
1,0.154,4.4,8
2,0.278,4.4,8
3,0.402,4.4,8
4,0.526,4.4,8
5,0.65,4.4,8
7,0.899,4.4,8
9,1.147,4.4,8
11,1.396,4.4,8
15,1.892,4.4,8
20,2.513,4.4,8
35.4,4.425,4.4,8
40,4.997,4.4,8
50,6.237,4.4,8
70.7,8.808,4.4,8
1,0.149,4.6,8
2,0.271,4.6,8
3,0.394,4.6,8
4,0.516,4.6,8
5,0.639,4.6,8
7,0.885,4.6,8
9,1.129,4.6,8
11,1.374,4.6,8
15,1.864,4.6,8
20,2.477,4.6,8
35.4,4.364,4.6,8
40,4.928,4.6,8
50,6.152,4.6,8
70.7,8.688,4.6,8
1,0.146,4.8,8
2,0.269,4.8,8
3,0.393,4.8,8
4,0.515,4.8,8
5,0.639,4.8,8
7,0.887,4.8,8
9,1.132,4.8,8
11,1.379,4.8,8
15,1.872,4.8,8
20,2.489,4.8,8
35.4,4.387,4.8,8
40,4.954,4.8,8
50,6.186,4.8,8
70.7,8.739,4.8,8
1,0.143,5.0,8
2,0.265,5.0,8
3,0.388,5.0,8
4,0.511,5.0,8
5,0.633,5.0,8
7,0.879,5.0,8
9,1.124,5.0,8
11,1.37,5.0,8
15,1.859,5.0,8
20,2.474,5.0,8
35.4,4.362,5.0,8
40,4.927,5.0,8
50,6.152,5.0,8
70.7,8.691,5.0,8
1,0.14,5.2,8
2,0.263,5.2,8
3,0.385,5.2,8
4,0.509,5.2,8
5,0.631,5.2,8
7,0.877,5.2,8
9,1.122,5.2,8
11,1.367,5.2,8
15,1.858,5.2,8
20,2.471,5.2,8
35.4,4.36,5.2,8
40,4.924,5.2,8
50,6.149,5.2,8
70.7,8.688,5.2,8
1,0.139,5.4,8
2,0.261,5.4,8
3,0.384,5.4,8
4,0.508,5.4,8
5,0.63,5.4,8
7,0.877,5.4,8
9,1.123,5.4,8
11,1.369,5.4,8
15,1.861,5.4,8
20,2.476,5.4,8
35.4,4.371,5.4,8
40,4.937,5.4,8
50,6.167,5.4,8
70.7,8.713,5.4,8
1,0.234,3.0,5
2,0.43,3.0,5
3,0.627,3.0,5
4,0.825,3.0,5
5,1.021,3.0,5
7,1.417,3.0,5
9,1.81,3.0,5
11,2.203,3.0,5
15,2.991,3.0,5
20,3.977,3.0,5
35.4,7.01,3.0,5
40,7.917,3.0,5
50,9.885,3.0,5
1,0.228,3.2,5
2,0.427,3.2,5
3,0.625,3.2,5
4,0.824,3.2,5
5,1.023,3.2,5
7,1.422,3.2,5
9,1.82,3.2,5
11,2.217,3.2,5
15,3.012,3.2,5
20,4.007,3.2,5
35.4,7.07,3.2,5
40,7.985,3.2,5
50,9.973,3.2,5
1,0.223,3.4,5
2,0.422,3.4,5
3,0.622,3.4,5
4,0.821,3.4,5
5,1.021,3.4,5
7,1.422,3.4,5
9,1.82,3.4,5
11,2.22,3.4,5
15,3.018,3.4,5
20,4.017,3.4,5
35.4,7.091,3.4,5
40,8.01,3.4,5
50,10.006,3.4,5
1,0.217,3.6,5
2,0.414,3.6,5
3,0.612,3.6,5
4,0.81,3.6,5
5,1.008,3.6,5
7,1.405,3.6,5
9,1.799,3.6,5
11,2.195,3.6,5
15,2.985,3.6,5
20,3.974,3.6,5
35.4,7.02,3.6,5
40,7.93,3.6,5
50,9.907,3.6,5
1,0.214,3.8,5
2,0.411,3.8,5
3,0.608,3.8,5
4,0.805,3.8,5
5,1.003,3.8,5
7,1.399,3.8,5
9,1.794,3.8,5
11,2.188,3.8,5
15,2.978,3.8,5
20,3.966,3.8,5
35.4,7.007,3.8,5
40,7.916,3.8,5
50,9.89,3.8,5
1,0.211,4.0,5
2,0.41,4.0,5
3,0.609,4.0,5
4,0.807,4.0,5
5,1.007,4.0,5
7,1.406,4.0,5
9,1.803,4.0,5
11,2.201,4.0,5
15,2.995,4.0,5
20,3.991,4.0,5
35.4,7.053,4.0,5
40,7.969,4.0,5
50,9.957,4.0,5
1,0.212,4.2,5
2,0.415,4.2,5
3,0.617,4.2,5
4,0.8190001,4.2,5
5,1.022,4.2,5
7,1.428,4.2,5
9,1.833,4.2,5
11,2.238,4.2,5
15,3.048,4.2,5
20,4.061,4.2,5
35.4,7.181,4.2,5
40,8.113,4.2,5
50,10.138,4.2,5
1,0.208,4.4,5
2,0.409,4.4,5
3,0.61,4.4,5
4,0.81,4.4,5
5,1.01,4.4,5
7,1.413,4.4,5
9,1.814,4.4,5
11,2.215,4.4,5
15,3.018,4.4,5
20,4.022,4.4,5
35.4,7.112,4.4,5
40,8.036,4.4,5
50,10.041,4.4,5
1,0.206,4.6,5
2,0.406,4.6,5
3,0.605,4.6,5
4,0.805,4.6,5
5,1.005,4.6,5
7,1.405,4.6,5
9,1.805,4.6,5
11,2.204,4.6,5
15,3.003,4.6,5
20,4.002,4.6,5
35.4,7.079,4.6,5
40,7.998,4.6,5
50,9.995,4.6,5
1,0.205,4.8,5
2,0.404,4.8,5
3,0.605,4.8,5
4,0.804,4.8,5
5,1.004,4.8,5
7,1.405,4.8,5
9,1.805,4.8,5
11,2.204,4.8,5
15,3.004,4.8,5
20,4.004,4.8,5
35.4,7.082,4.8,5
40,8.002,4.8,5
50,10.0,4.8,5
1,0.205,5.0,5
2,0.406,5.0,5
3,0.607,5.0,5
4,0.808,5.0,5
5,1.01,5.0,5
7,1.414,5.0,5
9,1.815,5.0,5
11,2.218,5.0,5
15,3.023,5.0,5
20,4.03,5.0,5
35.4,7.131,5.0,5
40,8.057,5.0,5
50,10.068,5.0,5
1,0.206,5.2,5
2,0.41,5.2,5
3,0.615,5.2,5
4,0.8190001,5.2,5
5,1.023,5.2,5
7,1.432,5.2,5
9,1.84,5.2,5
11,2.248,5.2,5
15,3.063,5.2,5
20,4.085,5.2,5
35.4,7.227,5.2,5
40,8.168,5.2,5
50,10.207,5.2,5
1,0.199,5.4,5
2,0.395,5.4,5
3,0.592,5.4,5
4,0.788,5.4,5
5,0.984,5.4,5
7,1.378,5.4,5
9,1.771,5.4,5
11,2.164,5.4,5
15,2.949,5.4,5
20,3.932,5.4,5
35.4,6.958,5.4,5
40,7.863,5.4,5
50,9.826,5.4,5
